match_type,confidence,source_a,source_a_row,source_b,source_b_row,date_a,date_b,amount_a,amount_b,currency_a,currency_b,reference_a,reference_b,description_a,description_b,amount_score,date_score,reference_score,description_score,direction_score,amount_difference,fx_rate,reason,gross_amount,settled_amount,fee_amount,fee_percent,context_score,matched_source_rows,matched_amounts,cluster_total,difference
FUZZY,86.0,ledger_transactions.csv | table=1,0,bank_statement.csv | table=1,4,2024-01-01,2024-01-01,603.77,603.77,INV,,ledg00165,bank00438,debit user john,debit,100.0,100.0,22.22,100.0,100.0,0.0,,amounts align; dates align; descriptions strongly match.,,,,,,,,,
FUZZY,88.0,ledger_transactions.csv | table=1,1,bank_statement.csv | table=1,2,2024-01-01,2024-01-01,1068.91,1068.91,,,ledg00380,bank00136,debit system auto,debit,100.0,100.0,33.33,100.0,100.0,0.0,,amounts align; dates align; descriptions strongly match.,,,,,,,,,
FUZZY,88.0,ledger_transactions.csv | table=1,2,bank_statement.csv | table=1,8,2024-01-01,2024-01-01,829.56,829.56,,,ledg00122,bank00177,credit system auto,credit,100.0,100.0,33.33,100.0,100.0,0.0,,amounts align; dates align; descriptions strongly match.,,,,,,,,,
FUZZY,90.0,ledger_transactions.csv | table=1,3,bank_statement.csv | table=1,3,2024-01-01,2024-01-01,50.0,50.0,,,ledg00434,bank00474,credit user john,credit,100.0,100.0,44.44,100.0,100.0,0.0,,amounts align; dates align; descriptions strongly match.,,,,,,,,,
FUZZY,86.0,ledger_transactions.csv | table=1,4,bank_statement.csv | table=1,7,2024-01-01,2024-01-01,749.95,749.95,,,ledg00095,bank00432,transfer user john,transfer,100.0,100.0,22.22,100.0,100.0,0.0,,amounts align; dates align; descriptions strongly match.,,,,,,,,,
FUZZY,88.0,ledger_transactions.csv | table=1,5,bank_statement.csv | table=1,9,2024-01-01,2024-01-01,1107.94,1107.93,,,ledg00062,bank00263,credit user john,credit,100.0,100.0,33.33,100.0,100.0,0.01,,amounts align; dates align; descriptions strongly match.,,,,,,,,,
FUZZY,90.0,ledger_transactions.csv | table=1,6,bank_statement.csv | table=1,1,2024-01-01,2024-01-01,799.12,799.12,,,ledg00005,bank00105,debit system auto,debit,100.0,100.0,44.44,100.0,100.0,0.0,,amounts align; dates align; descriptions strongly match.,,,,,,,,,
FUZZY,88.0,ledger_transactions.csv | table=1,7,bank_statement.csv | table=1,0,2024-01-01,2024-01-01,418.23,418.23,,,ledg00101,bank00250,credit user john,credit,100.0,100.0,33.33,100.0,100.0,0.0,,amounts align; dates align; descriptions strongly match.,,,,,,,,,
FUZZY,86.0,ledger_transactions.csv | table=1,8,bank_statement.csv | table=1,5,2024-01-01,2024-01-01,250.0,250.0,,,ledg00102,bank00434,transfer user sara,transfer,100.0,100.0,22.22,100.0,100.0,0.0,,amounts align; dates align; descriptions strongly match.,,,,,,,,,
FUZZY,88.0,ledger_transactions.csv | table=1,9,bank_statement.csv | table=1,6,2024-01-01,2024-01-01,1442.87,1442.87,,,ledg00039,bank00210,debit user john,debit,100.0,100.0,33.33,100.0,100.0,0.0,,amounts align; dates align; descriptions strongly match.,,,,,,,,,
FUZZY,88.0,ledger_transactions.csv | table=1,10,bank_statement.csv | table=1,10,2024-01-02,2024-01-02,230.16,230.16,,,ledg00427,bank00206,credit system auto,credit,100.0,100.0,33.33,100.0,100.0,0.0,,amounts align; dates align; descriptions strongly match.,,,,,,,,,
FUZZY,88.0,ledger_transactions.csv | table=1,11,bank_statement.csv | table=1,19,2024-01-02,2024-01-02,31.57,31.57,,,ledg00058,bank00019,credit user john,credit,100.0,100.0,33.33,100.0,100.0,0.0,,amounts align; dates align; descriptions strongly match.,,,,,,,,,
FUZZY,86.0,ledger_transactions.csv | table=1,12,bank_statement.csv | table=1,13,2024-01-02,2024-01-02,1507.28,1507.28,,,ledg00369,bank00201,debit user john,debit,100.0,100.0,22.22,100.0,100.0,0.0,,amounts align; dates align; descriptions strongly match.,,,,,,,,,
FUZZY,86.0,ledger_transactions.csv | table=1,13,bank_statement.csv | table=1,16,2024-01-02,2024-01-02,484.09,484.09,,,ledg00388,bank00015,credit user sara,credit,100.0,100.0,22.22,100.0,100.0,0.0,,amounts align; dates align; descriptions strongly match.,,,,,,,,,
FUZZY,86.0,ledger_transactions.csv | table=1,14,bank_statement.csv | table=1,12,2024-01-02,2024-01-02,1735.32,1735.32,,,ledg00149,bank00262,debit system auto,debit,100.0,100.0,22.22,100.0,100.0,0.0,,amounts align; dates align; descriptions strongly match.,,,,,,,,,
FUZZY,88.0,ledger_transactions.csv | table=1,15,bank_statement.csv | table=1,20,2024-01-02,2024-01-02,500.0,500.0,,,ledg00143,bank00480,transfer user sara,transfer,100.0,100.0,33.33,100.0,100.0,0.0,,amounts align; dates align; descriptions strongly match.,,,,,,,,,
FUZZY,86.0,ledger_transactions.csv | table=1,16,bank_statement.csv | table=1,17,2024-01-02,2024-01-02,841.36,841.36,,,ledg00210,bank00359,debit system auto,debit,100.0,100.0,22.22,100.0,100.0,0.0,,amounts align; dates align; descriptions strongly match.,,,,,,,,,
FUZZY,82.0,ledger_transactions.csv | table=1,17,bank_statement.csv | table=1,14,2024-01-03,2024-01-02,511.08,511.08,,,ledg00028,bank00212,debit user john,debit,100.0,66.67,33.33,100.0,100.0,0.0,,amounts align; dates are within window; descriptions strongly match.,,,,,,,,,
FUZZY,88.0,ledger_transactions.csv | table=1,18,bank_statement.csv | table=1,26,2024-01-03,2024-01-03,264.1,264.1,,,ledg00048,bank00012,credit user sara,credit,100.0,100.0,33.33,100.0,100.0,0.0,,amounts align; dates align; descriptions strongly match.,,,,,,,,,
FUZZY,88.0,ledger_transactions.csv | table=1,19,bank_statement.csv | table=1,27,2024-01-03,2024-01-03,1559.36,1559.36,,,ledg00410,bank00202,transfer user sara,transfer,100.0,100.0,33.33,100.0,100.0,0.0,,amounts align; dates align; descriptions strongly match.,,,,,,,,,
FUZZY,88.0,ledger_transactions.csv | table=1,21,bank_statement.csv | table=1,22,2024-01-03,2024-01-03,1840.51,1840.51,,,ledg00220,bank00235,debit user john,debit,100.0,100.0,33.33,100.0,100.0,0.0,,amounts align; dates align; descriptions strongly match.,,,,,,,,,
FUZZY,86.0,ledger_transactions.csv | table=1,22,bank_statement.csv | table=1,24,2024-01-03,2024-01-03,1791.46,1791.46,,,ledg00447,bank00135,debit user sara,debit,100.0,100.0,22.22,100.0,100.0,0.0,,amounts align; dates align; descriptions strongly match.,,,,,,,,,
FUZZY,88.0,ledger_transactions.csv | table=1,24,bank_statement.csv | table=1,25,2024-01-03,2024-01-03,370.66,370.65,,,ledg00087,bank00181,debit system auto,debit,100.0,100.0,33.33,100.0,100.0,0.01,,amounts align; dates align; descriptions strongly match.,,,,,,,,,
FUZZY,88.0,ledger_transactions.csv | table=1,27,bank_statement.csv | table=1,23,2024-01-03,2024-01-03,1419.28,1419.28,,,ledg00390,bank00041,credit user john,credit,100.0,100.0,33.33,100.0,100.0,0.0,,amounts align; dates align; descriptions strongly match.,,,,,,,,,
FUZZY,82.0,ledger_transactions.csv | table=1,28,bank_statement.csv | table=1,21,2024-01-04,2024-01-03,250.0,250.0,,,ledg00305,bank00273,credit system auto,credit,100.0,66.67,33.33,100.0,100.0,0.0,,amounts align; dates are within window; descriptions strongly match.,,,,,,,,,
FUZZY,88.0,ledger_transactions.csv | table=1,29,bank_statement.csv | table=1,31,2024-01-04,2024-01-04,333.61,333.61,,,ledg00038,bank00071,credit user sara,credit,100.0,100.0,33.33,100.0,100.0,0.0,,amounts align; dates align; descriptions strongly match.,,,,,,,,,
FUZZY,90.0,ledger_transactions.csv | table=1,31,bank_statement.csv | table=1,33,2024-01-04,2024-01-04,1582.13,1582.13,,,ledg00320,bank00326,debit user john,debit,100.0,100.0,44.44,100.0,100.0,0.0,,amounts align; dates align; descriptions strongly match.,,,,,,,,,
FUZZY,82.0,ledger_transactions.csv | table=1,33,bank_statement.csv | table=1,34,2024-01-04,2024-01-05,250.0,250.0,,,ledg00194,bank00137,credit user sara,credit,100.0,66.67,33.33,100.0,100.0,0.0,,amounts align; dates are within window; descriptions strongly match.,,,,,,,,,
FUZZY,90.0,ledger_transactions.csv | table=1,34,bank_statement.csv | table=1,36,2024-01-05,2024-01-05,368.33,368.33,,,ledg00175,bank00115,debit user sara,debit,100.0,100.0,44.44,100.0,100.0,0.0,,amounts align; dates align; descriptions strongly match.,,,,,,,,,
FUZZY,88.0,ledger_transactions.csv | table=1,37,bank_statement.csv | table=1,35,2024-01-05,2024-01-05,250.0,250.0,,,ledg00037,bank00410,credit user john,credit,100.0,100.0,33.33,100.0,100.0,0.0,,amounts align; dates align; descriptions strongly match.,,,,,,,,,
FUZZY,90.0,ledger_transactions.csv | table=1,42,bank_statement.csv | table=1,37,2024-01-06,2024-01-06,1076.84,1076.83,,,ledg00009,bank00069,credit system auto,credit,100.0,100.0,44.44,100.0,100.0,0.01,,amounts align; dates align; descriptions strongly match.,,,,,,,,,
FUZZY,88.0,ledger_transactions.csv | table=1,43,bank_statement.csv | table=1,39,2024-01-06,2024-01-06,22.71,22.71,,,ledg00317,bank00412,credit user sara,credit,100.0,100.0,33.33,100.0,100.0,0.0,,amounts align; dates align; descriptions strongly match.,,,,,,,,,
FUZZY,88.0,ledger_transactions.csv | table=1,44,bank_statement.csv | table=1,38,2024-01-06,2024-01-06,250.0,250.0,,,ledg00036,bank00334,credit user sara,credit,100.0,100.0,33.33,100.0,100.0,0.0,,amounts align; dates align; descriptions strongly match.,,,,,,,,,
FUZZY,88.0,ledger_transactions.csv | table=1,45,bank_statement.csv | table=1,44,2024-01-07,2024-01-07,469.03,469.03,,,ledg00177,bank00374,debit system auto,debit,100.0,100.0,33.33,100.0,100.0,0.0,,amounts align; dates align; descriptions strongly match.,,,,,,,,,
FUZZY,88.0,ledger_transactions.csv | table=1,46,bank_statement.csv | table=1,41,2024-01-07,2024-01-07,504.96,504.96,,,ledg00120,bank00043,credit user john,credit,100.0,100.0,33.33,100.0,100.0,0.0,,amounts align; dates align; descriptions strongly match.,,,,,,,,,
FUZZY,90.0,ledger_transactions.csv | table=1,47,bank_statement.csv | table=1,52,2024-01-08,2024-01-08,1270.47,1270.47,,,ledg00161,bank00111,credit system auto,credit,100.0,100.0,44.44,100.0,100.0,0.0,,amounts align; dates align; descriptions strongly match.,,,,,,,,,
FUZZY,88.0,ledger_transactions.csv | table=1,48,bank_statement.csv | table=1,47,2024-01-08,2024-01-08,358.99,358.99,,,ledg00387,bank00301,transfer user sara,transfer,100.0,100.0,33.33,100.0,100.0,0.0,,amounts align; dates align; descriptions strongly match.,,,,,,,,,
FUZZY,86.0,ledger_transactions.csv | table=1,49,bank_statement.csv | table=1,46,2024-01-08,2024-01-08,500.0,500.0,,,ledg00249,bank00315,debit user sara,debit,100.0,100.0,22.22,100.0,100.0,0.0,,amounts align; dates align; descriptions strongly match.,,,,,,,,,
FUZZY,88.0,ledger_transactions.csv | table=1,50,bank_statement.csv | table=1,49,2024-01-08,2024-01-08,1726.1,1726.1,,,ledg00418,bank00106,credit user sara,credit,100.0,100.0,33.33,100.0,100.0,0.0,,amounts align; dates align; descriptions strongly match.,,,,,,,,,
FUZZY,84.0,ledger_transactions.csv | table=1,51,bank_statement.csv | table=1,45,2024-01-08,2024-01-07,1207.85,1207.85,,,ledg00119,bank00118,credit system auto,credit,100.0,66.67,44.44,100.0,100.0,0.0,,amounts align; dates are within window; descriptions strongly match.,,,,,,,,,
FUZZY,88.0,ledger_transactions.csv | table=1,52,bank_statement.csv | table=1,50,2024-01-08,2024-01-08,1172.79,1172.79,,,ledg00230,bank00060,debit system auto,debit,100.0,100.0,33.33,100.0,100.0,0.0,,amounts align; dates align; descriptions strongly match.,,,,,,,,,
FUZZY,88.0,ledger_transactions.csv | table=1,53,bank_statement.csv | table=1,48,2024-01-08,2024-01-08,1923.02,1923.02,,,ledg00013,bank00407,transfer user sara,transfer,100.0,100.0,33.33,100.0,100.0,0.0,,amounts align; dates align; descriptions strongly match.,,,,,,,,,
FUZZY,86.0,ledger_transactions.csv | table=1,54,bank_statement.csv | table=1,55,2024-01-09,2024-01-09,1210.36,1210.36,,,ledg00077,bank00269,credit user sara,credit,100.0,100.0,22.22,100.0,100.0,0.0,,amounts align; dates align; descriptions strongly match.,,,,,,,,,
FUZZY,86.0,ledger_transactions.csv | table=1,55,bank_statement.csv | table=1,56,2024-01-09,2024-01-09,250.0,250.0,,,ledg00341,bank00052,debit user john,debit,100.0,100.0,22.22,100.0,100.0,0.0,,amounts align; dates align; descriptions strongly match.,,,,,,,,,
FUZZY,84.71,ledger_transactions.csv | table=1,57,bank_statement.csv | table=1,57,2024-01-09,2024-01-09,51.0,50.0,,,ledg00358,bank00185,debit user john,debit,92.16,100.0,33.33,100.0,100.0,1.0,,amounts are very close; dates align; descriptions strongly match.,,,,,,,,,
FUZZY,88.0,ledger_transactions.csv | table=1,58,bank_statement.csv | table=1,53,2024-01-09,2024-01-09,50.0,50.0,,,ledg00242,bank00430,debit user sara,debit,100.0,100.0,33.33,100.0,100.0,0.0,,amounts align; dates align; descriptions strongly match.,,,,,,,,,
FUZZY,88.0,ledger_transactions.csv | table=1,59,bank_statement.csv | table=1,59,2024-01-09,2024-01-09,187.52,187.52,,,ledg00135,bank00141,transfer user sara,transfer,100.0,100.0,33.33,100.0,100.0,0.0,,amounts align; dates align; descriptions strongly match.,,,,,,,,,
FUZZY,82.0,ledger_transactions.csv | table=1,61,bank_statement.csv | table=1,54,2024-01-10,2024-01-09,1433.95,1433.95,,,ledg00093,bank00363,debit user john,debit,100.0,66.67,33.33,100.0,100.0,0.0,,amounts align; dates are within window; descriptions strongly match.,,,,,,,,,
FUZZY,88.0,ledger_transactions.csv | table=1,64,bank_statement.csv | table=1,60,2024-01-10,2024-01-10,1123.69,1123.7,,,ledg00133,bank00471,credit user sara,credit,100.0,100.0,33.33,100.0,100.0,0.01,,amounts align; dates align; descriptions strongly match.,,,,,,,,,
FUZZY,86.71,ledger_transactions.csv | table=1,66,bank_statement.csv | table=1,62,2024-01-11,2024-01-11,51.0,50.0,,,ledg00170,bank00109,transfer user sara,transfer,92.16,100.0,44.44,100.0,100.0,1.0,,amounts are very close; dates align; descriptions strongly match.,,,,,,,,,
FUZZY,82.0,ledger_transactions.csv | table=1,67,bank_statement.csv | table=1,70,2024-01-11,2024-01-12,140.6,140.6,,,ledg00397,bank00431,credit user john,credit,100.0,66.67,33.33,100.0,100.0,0.0,,amounts align; dates are within window; descriptions strongly match.,,,,,,,,,
FUZZY,86.0,ledger_transactions.csv | table=1,68,bank_statement.csv | table=1,66,2024-01-12,2024-01-12,995.89,995.89,,,ledg00254,bank00199,transfer user john,transfer,100.0,100.0,22.22,100.0,100.0,0.0,,amounts align; dates align; descriptions strongly match.,,,,,,,,,
FUZZY,88.0,ledger_transactions.csv | table=1,69,bank_statement.csv | table=1,67,2024-01-12,2024-01-12,1743.23,1743.23,,,ledg00064,bank00484,credit system auto,credit,100.0,100.0,33.33,100.0,100.0,0.0,,amounts align; dates align; descriptions strongly match.,,,,,,,,,
FUZZY,88.0,ledger_transactions.csv | table=1,70,bank_statement.csv | table=1,69,2024-01-12,2024-01-12,73.29,73.29,,,ledg00310,bank00121,transfer system auto,transfer,100.0,100.0,33.33,100.0,100.0,0.0,,amounts align; dates align; descriptions strongly match.,,,,,,,,,
FUZZY,84.0,ledger_transactions.csv | table=1,71,bank_statement.csv | table=1,64,2024-01-12,2024-01-11,50.0,50.0,,,ledg00211,bank00251,credit user sara,credit,100.0,66.67,44.44,100.0,100.0,0.0,,amounts align; dates are within window; descriptions strongly match.,,,,,,,,,
FUZZY,86.0,ledger_transactions.csv | table=1,72,bank_statement.csv | table=1,72,2024-01-13,2024-01-13,112.75,112.75,,,ledg00004,bank00156,credit system auto,credit,100.0,100.0,22.22,100.0,100.0,0.0,,amounts align; dates align; descriptions strongly match.,,,,,,,,,
FUZZY,86.0,ledger_transactions.csv | table=1,74,bank_statement.csv | table=1,73,2024-01-13,2024-01-13,1677.27,1677.27,,,ledg00015,bank00372,debit user john,debit,100.0,100.0,22.22,100.0,100.0,0.0,,amounts align; dates align; descriptions strongly match.,,,,,,,,,
FUZZY,88.0,ledger_transactions.csv | table=1,76,bank_statement.csv | table=1,76,2024-01-14,2024-01-14,222.09,222.09,,,ledg00252,bank00297,transfer user john,transfer,100.0,100.0,33.33,100.0,100.0,0.0,,amounts align; dates align; descriptions strongly match.,,,,,,,,,
FUZZY,88.0,ledger_transactions.csv | table=1,77,bank_statement.csv | table=1,78,2024-01-14,2024-01-14,50.0,50.0,,,ledg00378,bank00139,transfer user sara,transfer,100.0,100.0,33.33,100.0,100.0,0.0,,amounts align; dates align; descriptions strongly match.,,,,,,,,,
FUZZY,88.0,ledger_transactions.csv | table=1,78,bank_statement.csv | table=1,77,2024-01-14,2024-01-14,1142.47,1142.47,,,ledg00065,bank00080,debit system auto,debit,100.0,100.0,33.33,100.0,100.0,0.0,,amounts align; dates align; descriptions strongly match.,,,,,,,,,
FUZZY,82.0,ledger_transactions.csv | table=1,80,bank_statement.csv | table=1,71,2024-01-14,2024-01-13,1087.12,1087.12,,,ledg00127,bank00418,credit system auto,credit,100.0,66.67,33.33,100.0,100.0,0.0,,amounts align; dates are within window; descriptions strongly match.,,,,,,,,,
FUZZY,88.0,ledger_transactions.csv | table=1,81,bank_statement.csv | table=1,81,2024-01-15,2024-01-15,50.0,50.0,,,ledg00268,bank00098,credit user sara,credit,100.0,100.0,33.33,100.0,100.0,0.0,,amounts align; dates align; descriptions strongly match.,,,,,,,,,
FUZZY,86.0,ledger_transactions.csv | table=1,82,bank_statement.csv | table=1,85,2024-01-15,2024-01-15,484.99,484.99,,,ledg00393,bank00404,credit user john,credit,100.0,100.0,22.22,100.0,100.0,0.0,,amounts align; dates align; descriptions strongly match.,,,,,,,,,
FUZZY,88.0,ledger_transactions.csv | table=1,83,bank_statement.csv | table=1,79,2024-01-15,2024-01-15,953.19,953.2,,,ledg00336,bank00143,debit user john,debit,100.0,100.0,33.33,100.0,100.0,0.01,,amounts align; dates align; descriptions strongly match.,,,,,,,,,
FUZZY,88.0,ledger_transactions.csv | table=1,84,bank_statement.csv | table=1,86,2024-01-15,2024-01-15,1678.58,1678.58,,,ledg00366,bank00033,credit user john,credit,100.0,100.0,33.33,100.0,100.0,0.0,,amounts align; dates align; descriptions strongly match.,,,,,,,,,
FUZZY,88.0,ledger_transactions.csv | table=1,85,bank_statement.csv | table=1,82,2024-01-15,2024-01-15,250.0,250.0,,,ledg00421,bank00002,debit system auto,debit,100.0,100.0,33.33,100.0,100.0,0.0,,amounts align; dates align; descriptions strongly match.,,,,,,,,,
FUZZY,88.0,ledger_transactions.csv | table=1,86,bank_statement.csv | table=1,83,2024-01-15,2024-01-15,554.08,554.08,,,ledg00247,bank00082,debit user sara,debit,100.0,100.0,33.33,100.0,100.0,0.0,,amounts align; dates align; descriptions strongly match.,,,,,,,,,
FUZZY,88.0,ledger_transactions.csv | table=1,87,bank_statement.csv | table=1,92,2024-01-16,2024-01-16,50.0,50.0,,,ledg00108,bank00230,credit system auto,credit,100.0,100.0,33.33,100.0,100.0,0.0,,amounts align; dates align; descriptions strongly match.,,,,,,,,,
FUZZY,85.83,ledger_transactions.csv | table=1,89,bank_statement.csv | table=1,94,2024-01-16,2024-01-16,988.46,987.46,,,ledg00245,bank00381,credit user sara,credit,99.6,100.0,22.22,100.0,100.0,1.0,,amounts align; dates align; descriptions strongly match.,,,,,,,,,
FUZZY,86.0,ledger_transactions.csv | table=1,91,bank_statement.csv | table=1,87,2024-01-16,2024-01-16,409.71,409.71,,,ledg00382,bank00477,credit user john,credit,100.0,100.0,22.22,100.0,100.0,0.0,,amounts align; dates align; descriptions strongly match.,,,,,,,,,
FUZZY,88.0,ledger_transactions.csv | table=1,92,bank_statement.csv | table=1,88,2024-01-16,2024-01-16,1547.93,1547.92,,,ledg00099,bank00439,credit user sara,credit,100.0,100.0,33.33,100.0,100.0,0.01,,amounts align; dates align; descriptions strongly match.,,,,,,,,,
FUZZY,86.0,ledger_transactions.csv | table=1,93,bank_statement.csv | table=1,91,2024-01-16,2024-01-16,222.9,222.89,,,ledg00256,bank00417,transfer user sara,transfer,100.0,100.0,22.22,100.0,100.0,0.01,,amounts align; dates align; descriptions strongly match.,,,,,,,,,
FUZZY,88.0,ledger_transactions.csv | table=1,94,bank_statement.csv | table=1,96,2024-01-17,2024-01-17,1000.0,1000.0,,,ledg00286,bank00421,debit user john,debit,100.0,100.0,33.33,100.0,100.0,0.0,,amounts align; dates align; descriptions strongly match.,,,,,,,,,
FUZZY,90.0,ledger_transactions.csv | table=1,95,bank_statement.csv | table=1,97,2024-01-17,2024-01-17,1387.63,1387.63,,,ledg00130,bank00330,debit user sara,debit,100.0,100.0,44.44,100.0,100.0,0.0,,amounts align; dates align; descriptions strongly match.,,,,,,,,,
FUZZY,88.0,ledger_transactions.csv | table=1,97,bank_statement.csv | table=1,99,2024-01-17,2024-01-17,1000.0,1000.0,INV,,ledg00407,bank00304,credit user john,credit,100.0,100.0,33.33,100.0,100.0,0.0,,amounts align; dates align; descriptions strongly match.,,,,,,,,,
FUZZY,88.0,ledger_transactions.csv | table=1,99,bank_statement.csv | table=1,100,2024-01-18,2024-01-18,842.3,842.3,,,ledg00002,bank00074,credit user john,credit,100.0,100.0,33.33,100.0,100.0,0.0,,amounts align; dates align; descriptions strongly match.,,,,,,,,,
FUZZY,82.67,ledger_transactions.csv | table=1,102,bank_statement.csv | table=1,109,2024-01-18,2024-01-19,500.0,503.97,,,ledg00235,bank00239,credit system auto,credit,96.82,66.67,44.44,100.0,100.0,3.97,,amounts align; dates are within window; descriptions strongly match.,,,,,,,,,
FUZZY,88.0,ledger_transactions.csv | table=1,103,bank_statement.csv | table=1,102,2024-01-18,2024-01-18,1601.71,1601.71,,,ledg00316,bank00286,credit user sara,credit,100.0,100.0,33.33,100.0,100.0,0.0,,amounts align; dates align; descriptions strongly match.,,,,,,,,,
FUZZY,88.0,ledger_transactions.csv | table=1,104,bank_statement.csv | table=1,106,2024-01-19,2024-01-19,500.0,500.0,,,ledg00301,bank00423,debit system auto,debit,100.0,100.0,33.33,100.0,100.0,0.0,,amounts align; dates align; descriptions strongly match.,,,,,,,,,
FUZZY,86.0,ledger_transactions.csv | table=1,105,bank_statement.csv | table=1,105,2024-01-19,2024-01-19,1000.0,1000.0,,,ledg00166,bank00472,debit user sara,debit,100.0,100.0,22.22,100.0,100.0,0.0,,amounts align; dates align; descriptions strongly match.,,,,,,,,,
FUZZY,86.0,ledger_transactions.csv | table=1,106,bank_statement.csv | table=1,110,2024-01-19,2024-01-19,500.0,500.0,,,ledg00094,bank00325,transfer user sara,transfer,100.0,100.0,22.22,100.0,100.0,0.0,,amounts align; dates align; descriptions strongly match.,,,,,,,,,
FUZZY,88.0,ledger_transactions.csv | table=1,107,bank_statement.csv | table=1,108,2024-01-19,2024-01-19,1925.67,1925.67,,,ledg00409,bank00270,transfer system auto,transfer,100.0,100.0,33.33,100.0,100.0,0.0,,amounts align; dates align; descriptions strongly match.,,,,,,,,,
FUZZY,90.0,ledger_transactions.csv | table=1,108,bank_statement.csv | table=1,111,2024-01-19,2024-01-19,1864.74,1864.74,INV,,ledg00425,bank00420,debit system auto,debit,100.0,100.0,44.44,100.0,100.0,0.0,,amounts align; dates align; descriptions strongly match.,,,,,,,,,
FUZZY,84.0,ledger_transactions.csv | table=1,109,bank_statement.csv | table=1,101,2024-01-19,2024-01-18,814.93,814.93,,,ledg00436,bank00346,credit user sara,credit,100.0,66.67,44.44,100.0,100.0,0.0,,amounts align; dates are within window; descriptions strongly match.,,,,,,,,,
FUZZY,88.0,ledger_transactions.csv | table=1,111,bank_statement.csv | table=1,104,2024-01-19,2024-01-19,1165.37,1165.37,,,ledg00438,bank00242,debit user sara,debit,100.0,100.0,33.33,100.0,100.0,0.0,,amounts align; dates align; descriptions strongly match.,,,,,,,,,
FUZZY,88.0,ledger_transactions.csv | table=1,112,bank_statement.csv | table=1,112,2024-01-20,2024-01-20,50.0,50.0,,,ledg00443,bank00274,debit system auto,debit,100.0,100.0,33.33,100.0,100.0,0.0,,amounts align; dates align; descriptions strongly match.,,,,,,,,,
FUZZY,82.0,ledger_transactions.csv | table=1,113,bank_statement.csv | table=1,107,2024-01-20,2024-01-19,1390.96,1390.96,,,ledg00189,bank00211,transfer user sara,transfer,100.0,66.67,33.33,100.0,100.0,0.0,,amounts align; dates are within window; descriptions strongly match.,,,,,,,,,
FUZZY,86.0,ledger_transactions.csv | table=1,114,bank_statement.csv | table=1,116,2024-01-20,2024-01-20,1205.03,1205.03,,,ledg00214,bank00300,debit user sara,debit,100.0,100.0,22.22,100.0,100.0,0.0,,amounts align; dates align; descriptions strongly match.,,,,,,,,,
FUZZY,88.0,ledger_transactions.csv | table=1,116,bank_statement.csv | table=1,113,2024-01-20,2024-01-20,100.0,100.0,,,ledg00007,bank00378,debit user john,debit,100.0,100.0,33.33,100.0,100.0,0.0,,amounts align; dates align; descriptions strongly match.,,,,,,,,,
FUZZY,88.0,ledger_transactions.csv | table=1,117,bank_statement.csv | table=1,119,2024-01-21,2024-01-21,500.0,500.0,,,ledg00255,bank00298,credit system auto,credit,100.0,100.0,33.33,100.0,100.0,0.0,,amounts align; dates align; descriptions strongly match.,,,,,,,,,
FUZZY,88.0,ledger_transactions.csv | table=1,118,bank_statement.csv | table=1,120,2024-01-21,2024-01-21,250.0,250.0,,,ledg00353,bank00005,transfer user john,transfer,100.0,100.0,33.33,100.0,100.0,0.0,,amounts align; dates align; descriptions strongly match.,,,,,,,,,
FUZZY,86.0,ledger_transactions.csv | table=1,119,bank_statement.csv | table=1,121,2024-01-21,2024-01-21,100.0,100.0,,,ledg00075,bank00318,debit system auto,debit,100.0,100.0,22.22,100.0,100.0,0.0,,amounts align; dates align; descriptions strongly match.,,,,,,,,,
FUZZY,88.0,ledger_transactions.csv | table=1,120,bank_statement.csv | table=1,118,2024-01-21,2024-01-21,874.56,874.56,,,ledg00412,bank00044,debit system auto,debit,100.0,100.0,33.33,100.0,100.0,0.0,,amounts align; dates align; descriptions strongly match.,,,,,,,,,
FUZZY,88.0,ledger_transactions.csv | table=1,123,bank_statement.csv | table=1,122,2024-01-22,2024-01-22,1899.13,1899.12,,,ledg00416,bank00310,transfer user john,transfer,100.0,100.0,33.33,100.0,100.0,0.01,,amounts align; dates align; descriptions strongly match.,,,,,,,,,
FUZZY,86.0,ledger_transactions.csv | table=1,124,bank_statement.csv | table=1,126,2024-01-22,2024-01-22,1564.78,1564.78,,,ledg00114,bank00026,debit system auto,debit,100.0,100.0,22.22,100.0,100.0,0.0,,amounts align; dates align; descriptions strongly match.,,,,,,,,,
FUZZY,86.0,ledger_transactions.csv | table=1,125,bank_statement.csv | table=1,131,2024-01-23,2024-01-23,1215.49,1215.49,,,ledg00239,bank00151,credit user sara,credit,100.0,100.0,22.22,100.0,100.0,0.0,,amounts align; dates align; descriptions strongly match.,,,,,,,,,
FUZZY,86.0,ledger_transactions.csv | table=1,126,bank_statement.csv | table=1,130,2024-01-23,2024-01-23,1501.81,1501.81,,,ledg00163,bank00429,transfer user sara,transfer,100.0,100.0,22.22,100.0,100.0,0.0,,amounts align; dates align; descriptions strongly match.,,,,,,,,,
FUZZY,86.0,ledger_transactions.csv | table=1,127,bank_statement.csv | table=1,132,2024-01-23,2024-01-23,88.23,88.23,,,ledg00008,bank00125,credit system auto,credit,100.0,100.0,22.22,100.0,100.0,0.0,,amounts align; dates align; descriptions strongly match.,,,,,,,,,
FUZZY,84.0,ledger_transactions.csv | table=1,128,bank_statement.csv | table=1,139,2024-01-23,2024-01-24,100.0,100.0,,,ledg00423,bank00483,transfer system auto,transfer,100.0,66.67,44.44,100.0,100.0,0.0,,amounts align; dates are within window; descriptions strongly match.,,,,,,,,,
FUZZY,82.0,ledger_transactions.csv | table=1,130,bank_statement.csv | table=1,124,2024-01-23,2024-01-22,50.0,50.0,,,ledg00332,bank00013,credit user sara,credit,100.0,66.67,33.33,100.0,100.0,0.0,,amounts align; dates are within window; descriptions strongly match.,,,,,,,,,
FUZZY,86.0,ledger_transactions.csv | table=1,131,bank_statement.csv | table=1,127,2024-01-23,2024-01-23,809.84,809.84,,,ledg00291,bank00356,transfer system auto,transfer,100.0,100.0,22.22,100.0,100.0,0.0,,amounts align; dates align; descriptions strongly match.,,,,,,,,,
FUZZY,88.0,ledger_transactions.csv | table=1,132,bank_statement.csv | table=1,128,2024-01-23,2024-01-23,967.37,967.37,,,ledg00351,bank00255,debit user john,debit,100.0,100.0,33.33,100.0,100.0,0.0,,amounts align; dates align; descriptions strongly match.,,,,,,,,,
FUZZY,86.0,ledger_transactions.csv | table=1,133,bank_statement.csv | table=1,140,2024-01-24,2024-01-24,1000.0,1000.0,,,ledg00244,bank00011,credit system auto,credit,100.0,100.0,22.22,100.0,100.0,0.0,,amounts align; dates align; descriptions strongly match.,,,,,,,,,
FUZZY,88.0,ledger_transactions.csv | table=1,134,bank_statement.csv | table=1,134,2024-01-24,2024-01-24,250.01,250.0,INV,,ledg00432,bank00092,debit user sara,debit,100.0,100.0,33.33,100.0,100.0,0.01,,amounts align; dates align; descriptions strongly match.,,,,,,,,,
FUZZY,88.0,ledger_transactions.csv | table=1,135,bank_statement.csv | table=1,135,2024-01-24,2024-01-24,10.47,10.47,,,ledg00276,bank00352,debit system auto,debit,100.0,100.0,33.33,100.0,100.0,0.0,,amounts align; dates align; descriptions strongly match.,,,,,,,,,
FUZZY,88.0,ledger_transactions.csv | table=1,136,bank_statement.csv | table=1,133,2024-01-24,2024-01-24,1644.67,1644.67,,,ledg00083,bank00478,debit system auto,debit,100.0,100.0,33.33,100.0,100.0,0.0,,amounts align; dates align; descriptions strongly match.,,,,,,,,,
FUZZY,88.0,ledger_transactions.csv | table=1,139,bank_statement.csv | table=1,138,2024-01-24,2024-01-24,907.17,907.17,,,ledg00312,bank00225,credit system auto,credit,100.0,100.0,33.33,100.0,100.0,0.0,,amounts align; dates align; descriptions strongly match.,,,,,,,,,
FUZZY,88.0,ledger_transactions.csv | table=1,140,bank_statement.csv | table=1,143,2024-01-24,2024-01-24,50.0,50.0,,,ledg00222,bank00275,credit user john,credit,100.0,100.0,33.33,100.0,100.0,0.0,,amounts align; dates align; descriptions strongly match.,,,,,,,,,
FUZZY,82.0,ledger_transactions.csv | table=1,141,bank_statement.csv | table=1,141,2024-01-25,2024-01-24,951.69,951.69,,,ledg00113,bank00336,credit user sara,credit,100.0,66.67,33.33,100.0,100.0,0.0,,amounts align; dates are within window; descriptions strongly match.,,,,,,,,,
FUZZY,82.0,ledger_transactions.csv | table=1,144,bank_statement.csv | table=1,148,2024-01-25,2024-01-26,957.65,957.66,,,ledg00198,bank00093,transfer user john,transfer,100.0,66.67,33.33,100.0,100.0,0.01,,amounts align; dates are within window; descriptions strongly match.,,,,,,,,,
FUZZY,84.0,ledger_transactions.csv | table=1,145,bank_statement.csv | table=1,136,2024-01-25,2024-01-24,139.32,139.32,,,ledg00319,bank00371,debit system auto,debit,100.0,66.67,44.44,100.0,100.0,0.0,,amounts align; dates are within window; descriptions strongly match.,,,,,,,,,
FUZZY,88.0,ledger_transactions.csv | table=1,146,bank_statement.csv | table=1,147,2024-01-25,2024-01-25,1609.91,1609.91,,,ledg00236,bank00347,transfer user john,transfer,100.0,100.0,33.33,100.0,100.0,0.0,,amounts align; dates align; descriptions strongly match.,,,,,,,,,
FUZZY,82.0,ledger_transactions.csv | table=1,147,bank_statement.csv | table=1,146,2024-01-26,2024-01-25,1978.48,1978.48,,,ledg00180,bank00370,transfer user sara,transfer,100.0,66.67,33.33,100.0,100.0,0.0,,amounts align; dates are within window; descriptions strongly match.,,,,,,,,,
FUZZY,86.0,ledger_transactions.csv | table=1,148,bank_statement.csv | table=1,150,2024-01-26,2024-01-26,1574.83,1574.83,,,ledg00200,bank00368,transfer user sara,transfer,100.0,100.0,22.22,100.0,100.0,0.0,,amounts align; dates align; descriptions strongly match.,,,,,,,,,
FUZZY,88.0,ledger_transactions.csv | table=1,150,bank_statement.csv | table=1,155,2024-01-27,2024-01-27,1968.33,1968.33,INV,,ledg00156,bank00358,credit system auto,credit,100.0,100.0,33.33,100.0,100.0,0.0,,amounts align; dates align; descriptions strongly match.,,,,,,,,,
FUZZY,86.0,ledger_transactions.csv | table=1,151,bank_statement.csv | table=1,152,2024-01-27,2024-01-27,675.16,675.15,,,ledg00440,bank00316,debit user sara,debit,100.0,100.0,22.22,100.0,100.0,0.01,,amounts align; dates align; descriptions strongly match.,,,,,,,,,
FUZZY,86.0,ledger_transactions.csv | table=1,153,bank_statement.csv | table=1,154,2024-01-27,2024-01-27,1859.76,1859.76,,,ledg00240,bank00178,transfer user john,transfer,100.0,100.0,22.22,100.0,100.0,0.0,,amounts align; dates align; descriptions strongly match.,,,,,,,,,
FUZZY,82.0,ledger_transactions.csv | table=1,154,bank_statement.csv | table=1,158,2024-01-27,2024-01-28,1035.32,1035.32,,,ledg00152,bank00117,transfer system auto,transfer,100.0,66.67,33.33,100.0,100.0,0.0,,amounts align; dates are within window; descriptions strongly match.,,,,,,,,,
FUZZY,88.0,ledger_transactions.csv | table=1,155,bank_statement.csv | table=1,156,2024-01-27,2024-01-27,411.25,411.24,,,ledg00271,bank00184,debit user sara,debit,100.0,100.0,33.33,100.0,100.0,0.01,,amounts align; dates align; descriptions strongly match.,,,,,,,,,
FUZZY,88.0,ledger_transactions.csv | table=1,156,bank_statement.csv | table=1,153,2024-01-27,2024-01-27,222.13,222.13,,,ledg00019,bank00317,debit user john,debit,100.0,100.0,33.33,100.0,100.0,0.0,,amounts align; dates align; descriptions strongly match.,,,,,,,,,
FUZZY,88.0,ledger_transactions.csv | table=1,158,bank_statement.csv | table=1,159,2024-01-28,2024-01-28,924.77,924.77,,,ledg00450,bank00320,debit system auto,debit,100.0,100.0,33.33,100.0,100.0,0.0,,amounts align; dates align; descriptions strongly match.,,,,,,,,,
FUZZY,90.0,ledger_transactions.csv | table=1,160,bank_statement.csv | table=1,160,2024-01-28,2024-01-28,317.18,317.18,,,ledg00190,bank00169,debit user sara,debit,100.0,100.0,44.44,100.0,100.0,0.0,,amounts align; dates align; descriptions strongly match.,,,,,,,,,
FUZZY,90.0,ledger_transactions.csv | table=1,161,bank_statement.csv | table=1,164,2024-01-29,2024-01-29,184.9,184.9,,,ledg00124,bank00154,credit user john,credit,100.0,100.0,44.44,100.0,100.0,0.0,,amounts align; dates align; descriptions strongly match.,,,,,,,,,
FUZZY,86.0,ledger_transactions.csv | table=1,162,bank_statement.csv | table=1,165,2024-01-29,2024-01-29,276.69,276.69,,,ledg00264,bank00097,debit user john,debit,100.0,100.0,22.22,100.0,100.0,0.0,,amounts align; dates align; descriptions strongly match.,,,,,,,,,
FUZZY,88.0,ledger_transactions.csv | table=1,165,bank_statement.csv | table=1,169,2024-01-30,2024-01-30,1908.63,1908.63,,,ledg00213,bank00311,credit user john,credit,100.0,100.0,33.33,100.0,100.0,0.0,,amounts align; dates align; descriptions strongly match.,,,,,,,,,
FUZZY,88.0,ledger_transactions.csv | table=1,166,bank_statement.csv | table=1,167,2024-01-30,2024-01-30,1412.8,1412.8,,,ledg00162,bank00319,debit system auto,debit,100.0,100.0,33.33,100.0,100.0,0.0,,amounts align; dates align; descriptions strongly match.,,,,,,,,,
FUZZY,86.0,ledger_transactions.csv | table=1,167,bank_statement.csv | table=1,168,2024-01-30,2024-01-30,1101.72,1101.72,,,ledg00360,bank00172,credit user john,credit,100.0,100.0,22.22,100.0,100.0,0.0,,amounts align; dates align; descriptions strongly match.,,,,,,,,,
FUZZY,88.0,ledger_transactions.csv | table=1,168,bank_statement.csv | table=1,166,2024-01-30,2024-01-30,785.34,785.34,,,ledg00154,bank00017,debit system auto,debit,100.0,100.0,33.33,100.0,100.0,0.0,,amounts align; dates align; descriptions strongly match.,,,,,,,,,
FUZZY,88.0,ledger_transactions.csv | table=1,171,bank_statement.csv | table=1,181,2024-02-01,2024-02-01,315.17,315.17,,,ledg00363,bank00216,credit system auto,credit,100.0,100.0,33.33,100.0,100.0,0.0,,amounts align; dates align; descriptions strongly match.,,,,,,,,,
FUZZY,90.0,ledger_transactions.csv | table=1,172,bank_statement.csv | table=1,174,2024-02-01,2024-02-01,50.0,50.0,,,ledg00389,bank00387,debit user sara,debit,100.0,100.0,44.44,100.0,100.0,0.0,,amounts align; dates align; descriptions strongly match.,,,,,,,,,
FUZZY,88.0,ledger_transactions.csv | table=1,174,bank_statement.csv | table=1,178,2024-02-01,2024-02-01,50.0,50.0,,,ledg00277,bank00157,debit user john,debit,100.0,100.0,33.33,100.0,100.0,0.0,,amounts align; dates align; descriptions strongly match.,,,,,,,,,
FUZZY,90.0,ledger_transactions.csv | table=1,175,bank_statement.csv | table=1,177,2024-02-01,2024-02-01,100.0,100.0,,,ledg00137,bank00193,credit user sara,credit,100.0,100.0,44.44,100.0,100.0,0.0,,amounts align; dates align; descriptions strongly match.,,,,,,,,,
FUZZY,88.0,ledger_transactions.csv | table=1,176,bank_statement.csv | table=1,176,2024-02-01,2024-02-01,500.0,500.0,,,ledg00449,bank00481,credit system auto,credit,100.0,100.0,33.33,100.0,100.0,0.0,,amounts align; dates align; descriptions strongly match.,,,,,,,,,
FUZZY,88.0,ledger_transactions.csv | table=1,179,bank_statement.csv | table=1,173,2024-02-01,2024-02-01,46.04,46.04,,,ledg00413,bank00218,credit user sara,credit,100.0,100.0,33.33,100.0,100.0,0.0,,amounts align; dates align; descriptions strongly match.,,,,,,,,,
FUZZY,88.0,ledger_transactions.csv | table=1,180,bank_statement.csv | table=1,179,2024-02-01,2024-02-01,1659.54,1659.54,,,ledg00072,bank00342,debit system auto,debit,100.0,100.0,33.33,100.0,100.0,0.0,,amounts align; dates align; descriptions strongly match.,,,,,,,,,
FUZZY,88.0,ledger_transactions.csv | table=1,181,bank_statement.csv | table=1,180,2024-02-01,2024-02-01,1612.58,1612.58,,,ledg00367,bank00268,credit system auto,credit,100.0,100.0,33.33,100.0,100.0,0.0,,amounts align; dates align; descriptions strongly match.,,,,,,,,,
FUZZY,88.0,ledger_transactions.csv | table=1,182,bank_statement.csv | table=1,191,2024-02-02,2024-02-02,1000.0,1000.0,,,ledg00406,bank00487,debit user sara,debit,100.0,100.0,33.33,100.0,100.0,0.0,,amounts align; dates align; descriptions strongly match.,,,,,,,,,
FUZZY,88.0,ledger_transactions.csv | table=1,184,bank_statement.csv | table=1,186,2024-02-02,2024-02-02,1789.49,1789.49,,,ledg00270,bank00123,transfer system auto,transfer,100.0,100.0,33.33,100.0,100.0,0.0,,amounts align; dates align; descriptions strongly match.,,,,,,,,,
FUZZY,88.0,ledger_transactions.csv | table=1,185,bank_statement.csv | table=1,185,2024-02-02,2024-02-02,179.85,179.85,,,ledg00203,bank00246,credit user sara,credit,100.0,100.0,33.33,100.0,100.0,0.0,,amounts align; dates align; descriptions strongly match.,,,,,,,,,
FUZZY,83.4,ledger_transactions.csv | table=1,186,bank_statement.csv | table=1,187,2024-02-02,2024-02-02,1533.06,1491.12,,,ledg00215,bank00495,debit user sara,debit,89.06,100.0,33.33,100.0,100.0,41.94,,amounts are very close; dates align; descriptions strongly match.,,,,,,,,,
FUZZY,88.0,ledger_transactions.csv | table=1,187,bank_statement.csv | table=1,193,2024-02-02,2024-02-02,999.96,999.96,,,ledg00402,bank00296,debit user john,debit,100.0,100.0,33.33,100.0,100.0,0.0,,amounts align; dates align; descriptions strongly match.,,,,,,,,,
FUZZY,86.0,ledger_transactions.csv | table=1,188,bank_statement.csv | table=1,182,2024-02-02,2024-02-02,601.04,601.04,,,ledg00001,bank00362,debit user john,debit,100.0,100.0,22.22,100.0,100.0,0.0,,amounts align; dates align; descriptions strongly match.,,,,,,,,,
FUZZY,88.0,ledger_transactions.csv | table=1,189,bank_statement.csv | table=1,183,2024-02-02,2024-02-02,902.41,902.41,,,ledg00050,bank00023,transfer user john,transfer,100.0,100.0,33.33,100.0,100.0,0.0,,amounts align; dates align; descriptions strongly match.,,,,,,,,,
FUZZY,88.0,ledger_transactions.csv | table=1,192,bank_statement.csv | table=1,192,2024-02-02,2024-02-02,376.9,376.9,,,ledg00076,bank00305,debit system auto,debit,100.0,100.0,33.33,100.0,100.0,0.0,,amounts align; dates align; descriptions strongly match.,,,,,,,,,
FUZZY,88.0,ledger_transactions.csv | table=1,193,bank_statement.csv | table=1,194,2024-02-02,2024-02-02,1949.65,1949.65,,,ledg00115,bank00465,credit user sara,credit,100.0,100.0,33.33,100.0,100.0,0.0,,amounts align; dates align; descriptions strongly match.,,,,,,,,,
FUZZY,88.0,ledger_transactions.csv | table=1,194,bank_statement.csv | table=1,198,2024-02-03,2024-02-03,50.0,50.0,,,ledg00396,bank00435,debit user sara,debit,100.0,100.0,33.33,100.0,100.0,0.0,,amounts align; dates align; descriptions strongly match.,,,,,,,,,
FUZZY,88.0,ledger_transactions.csv | table=1,195,bank_statement.csv | table=1,197,2024-02-03,2024-02-03,300.38,300.38,,,ledg00392,bank00469,transfer system auto,transfer,100.0,100.0,33.33,100.0,100.0,0.0,,amounts align; dates align; descriptions strongly match.,,,,,,,,,
FUZZY,88.0,ledger_transactions.csv | table=1,196,bank_statement.csv | table=1,196,2024-02-03,2024-02-03,965.94,965.94,,,ledg00025,bank00077,transfer system auto,transfer,100.0,100.0,33.33,100.0,100.0,0.0,,amounts align; dates align; descriptions strongly match.,,,,,,,,,
FUZZY,86.0,ledger_transactions.csv | table=1,198,bank_statement.csv | table=1,201,2024-02-04,2024-02-04,925.64,925.64,,,ledg00295,bank00113,debit user john,debit,100.0,100.0,22.22,100.0,100.0,0.0,,amounts align; dates align; descriptions strongly match.,,,,,,,,,
FUZZY,88.0,ledger_transactions.csv | table=1,200,bank_statement.csv | table=1,206,2024-02-04,2024-02-04,1631.5,1631.5,,,ledg00043,bank00486,debit user john,debit,100.0,100.0,33.33,100.0,100.0,0.0,,amounts align; dates align; descriptions strongly match.,,,,,,,,,
FUZZY,88.0,ledger_transactions.csv | table=1,201,bank_statement.csv | table=1,200,2024-02-04,2024-02-04,500.0,500.0,,,ledg00231,bank00112,transfer system auto,transfer,100.0,100.0,33.33,100.0,100.0,0.0,,amounts align; dates align; descriptions strongly match.,,,,,,,,,
FUZZY,88.0,ledger_transactions.csv | table=1,202,bank_statement.csv | table=1,204,2024-02-04,2024-02-04,1046.89,1047.39,,,ledg00384,bank00327,credit system auto,credit,100.0,100.0,33.33,100.0,100.0,0.5,,amounts align; dates align; descriptions strongly match.,,,,,,,,,
FUZZY,88.0,ledger_transactions.csv | table=1,203,bank_statement.csv | table=1,203,2024-02-04,2024-02-04,1000.0,1000.0,,,ledg00364,bank00062,credit user john,credit,100.0,100.0,33.33,100.0,100.0,0.0,,amounts align; dates align; descriptions strongly match.,,,,,,,,,
FUZZY,88.0,ledger_transactions.csv | table=1,205,bank_statement.csv | table=1,207,2024-02-05,2024-02-05,120.75,120.75,,,ledg00081,bank00155,credit user john,credit,100.0,100.0,33.33,100.0,100.0,0.0,,amounts align; dates align; descriptions strongly match.,,,,,,,,,
FUZZY,88.0,ledger_transactions.csv | table=1,206,bank_statement.csv | table=1,208,2024-02-05,2024-02-05,782.65,782.65,,,ledg00386,bank00065,debit user john,debit,100.0,100.0,33.33,100.0,100.0,0.0,,amounts align; dates align; descriptions strongly match.,,,,,,,,,
FUZZY,88.0,ledger_transactions.csv | table=1,207,bank_statement.csv | table=1,212,2024-02-06,2024-02-06,1117.88,1117.88,,,ledg00146,bank00267,debit user john,debit,100.0,100.0,33.33,100.0,100.0,0.0,,amounts align; dates align; descriptions strongly match.,,,,,,,,,
FUZZY,88.0,ledger_transactions.csv | table=1,208,bank_statement.csv | table=1,213,2024-02-06,2024-02-06,131.55,131.55,,,ledg00315,bank00128,debit user sara,debit,100.0,100.0,33.33,100.0,100.0,0.0,,amounts align; dates align; descriptions strongly match.,,,,,,,,,
FUZZY,88.0,ledger_transactions.csv | table=1,209,bank_statement.csv | table=1,215,2024-02-06,2024-02-06,1998.7,1998.71,,,ledg00030,bank00335,credit user john,credit,100.0,100.0,33.33,100.0,100.0,0.01,,amounts align; dates align; descriptions strongly match.,,,,,,,,,
FUZZY,82.0,ledger_transactions.csv | table=1,210,bank_statement.csv | table=1,210,2024-02-06,2024-02-05,824.73,824.73,,,ledg00023,bank00281,debit user john,debit,100.0,66.67,33.33,100.0,100.0,0.0,,amounts align; dates are within window; descriptions strongly match.,,,,,,,,,
FUZZY,82.0,ledger_transactions.csv | table=1,211,bank_statement.csv | table=1,211,2024-02-06,2024-02-05,1000.0,1000.0,,,ledg00118,bank00238,credit system auto,credit,100.0,66.67,33.33,100.0,100.0,0.0,,amounts align; dates are within window; descriptions strongly match.,,,,,,,,,
FUZZY,86.0,ledger_transactions.csv | table=1,212,bank_statement.csv | table=1,216,2024-02-07,2024-02-07,877.89,877.89,,,ledg00116,bank00282,debit user sara,debit,100.0,100.0,22.22,100.0,100.0,0.0,,amounts align; dates align; descriptions strongly match.,,,,,,,,,
FUZZY,88.0,ledger_transactions.csv | table=1,215,bank_statement.csv | table=1,217,2024-02-07,2024-02-07,100.0,100.0,,,ledg00303,bank00312,credit user john,credit,100.0,100.0,33.33,100.0,100.0,0.0,,amounts align; dates align; descriptions strongly match.,,,,,,,,,
FUZZY,82.0,ledger_transactions.csv | table=1,217,bank_statement.csv | table=1,218,2024-02-08,2024-02-07,500.0,500.0,,,ledg00139,bank00018,debit user john,debit,100.0,66.67,33.33,100.0,100.0,0.0,,amounts align; dates are within window; descriptions strongly match.,,,,,,,,,
FUZZY,86.0,ledger_transactions.csv | table=1,220,bank_statement.csv | table=1,221,2024-02-08,2024-02-08,100.0,100.0,,,ledg00187,bank00366,credit system auto,credit,100.0,100.0,22.22,100.0,100.0,0.0,,amounts align; dates align; descriptions strongly match.,,,,,,,,,
FUZZY,90.0,ledger_transactions.csv | table=1,222,bank_statement.csv | table=1,222,2024-02-08,2024-02-08,1150.57,1150.57,,,ledg00206,bank00200,credit user john,credit,100.0,100.0,44.44,100.0,100.0,0.0,,amounts align; dates align; descriptions strongly match.,,,,,,,,,
FUZZY,86.0,ledger_transactions.csv | table=1,224,bank_statement.csv | table=1,220,2024-02-08,2024-02-08,1364.11,1364.11,,,ledg00385,bank00464,debit user john,debit,100.0,100.0,22.22,100.0,100.0,0.0,,amounts align; dates align; descriptions strongly match.,,,,,,,,,
FUZZY,90.0,ledger_transactions.csv | table=1,225,bank_statement.csv | table=1,226,2024-02-09,2024-02-09,1009.37,1009.37,,,ledg00273,bank00247,debit user john,debit,100.0,100.0,44.44,100.0,100.0,0.0,,amounts align; dates align; descriptions strongly match.,,,,,,,,,
FUZZY,90.0,ledger_transactions.csv | table=1,226,bank_statement.csv | table=1,228,2024-02-09,2024-02-09,502.22,502.22,,,ledg00097,bank00087,credit system auto,credit,100.0,100.0,44.44,100.0,100.0,0.0,,amounts align; dates align; descriptions strongly match.,,,,,,,,,
FUZZY,86.0,ledger_transactions.csv | table=1,228,bank_statement.csv | table=1,225,2024-02-09,2024-02-09,1000.0,1000.0,,,ledg00088,bank00415,credit user sara,credit,100.0,100.0,22.22,100.0,100.0,0.0,,amounts align; dates align; descriptions strongly match.,,,,,,,,,
FUZZY,88.0,ledger_transactions.csv | table=1,232,bank_statement.csv | table=1,230,2024-02-10,2024-02-10,500.0,500.0,,,ledg00340,bank00096,credit user john,credit,100.0,100.0,33.33,100.0,100.0,0.0,,amounts align; dates align; descriptions strongly match.,,,,,,,,,
FUZZY,82.0,ledger_transactions.csv | table=1,233,bank_statement.csv | table=1,232,2024-02-10,2024-02-11,49.99,50.0,,,ledg00354,bank00257,transfer user john,transfer,100.0,66.67,33.33,100.0,100.0,0.01,,amounts align; dates are within window; descriptions strongly match.,,,,,,,,,
FUZZY,88.0,ledger_transactions.csv | table=1,234,bank_statement.csv | table=1,229,2024-02-10,2024-02-10,1646.95,1646.94,,,ledg00362,bank00293,credit user john,credit,100.0,100.0,33.33,100.0,100.0,0.01,,amounts align; dates align; descriptions strongly match.,,,,,,,,,
FUZZY,88.0,ledger_transactions.csv | table=1,235,bank_statement.csv | table=1,234,2024-02-11,2024-02-11,1172.56,1172.56,,,ledg00179,bank00145,debit user sara,debit,100.0,100.0,33.33,100.0,100.0,0.0,,amounts align; dates align; descriptions strongly match.,,,,,,,,,
FUZZY,86.0,ledger_transactions.csv | table=1,236,bank_statement.csv | table=1,236,2024-02-11,2024-02-11,708.32,708.32,,,ledg00164,bank00030,credit user sara,credit,100.0,100.0,22.22,100.0,100.0,0.0,,amounts align; dates align; descriptions strongly match.,,,,,,,,,
FUZZY,82.0,ledger_transactions.csv | table=1,237,bank_statement.csv | table=1,237,2024-02-12,2024-02-11,498.12,498.12,,,ledg00414,bank00402,debit user sara,debit,100.0,66.67,33.33,100.0,100.0,0.0,,amounts align; dates are within window; descriptions strongly match.,,,,,,,,,
FUZZY,82.0,ledger_transactions.csv | table=1,238,bank_statement.csv | table=1,235,2024-02-12,2024-02-11,444.33,444.33,,,ledg00431,bank00367,transfer user john,transfer,100.0,66.67,33.33,100.0,100.0,0.0,,amounts align; dates are within window; descriptions strongly match.,,,,,,,,,
FUZZY,88.0,ledger_transactions.csv | table=1,239,bank_statement.csv | table=1,241,2024-02-12,2024-02-12,172.44,172.44,,,ledg00021,bank00491,transfer user sara,transfer,100.0,100.0,33.33,100.0,100.0,0.0,,amounts align; dates align; descriptions strongly match.,,,,,,,,,
FUZZY,86.0,ledger_transactions.csv | table=1,240,bank_statement.csv | table=1,238,2024-02-12,2024-02-12,1441.21,1441.21,,,ledg00027,bank00498,credit system auto,credit,100.0,100.0,22.22,100.0,100.0,0.0,,amounts align; dates align; descriptions strongly match.,,,,,,,,,
FUZZY,88.0,ledger_transactions.csv | table=1,242,bank_statement.csv | table=1,249,2024-02-13,2024-02-13,100.0,100.0,,,ledg00098,bank00076,debit user sara,debit,100.0,100.0,33.33,100.0,100.0,0.0,,amounts align; dates align; descriptions strongly match.,,,,,,,,,
FUZZY,86.0,ledger_transactions.csv | table=1,243,bank_statement.csv | table=1,248,2024-02-13,2024-02-13,1170.95,1170.95,,,ledg00359,bank00214,debit user sara,debit,100.0,100.0,22.22,100.0,100.0,0.0,,amounts align; dates align; descriptions strongly match.,,,,,,,,,
FUZZY,88.0,ledger_transactions.csv | table=1,244,bank_statement.csv | table=1,246,2024-02-13,2024-02-13,99.99,100.0,,,ledg00381,bank00129,credit user sara,credit,100.0,100.0,33.33,100.0,100.0,0.01,,amounts align; dates align; descriptions strongly match.,,,,,,,,,
FUZZY,86.0,ledger_transactions.csv | table=1,245,bank_statement.csv | table=1,250,2024-02-14,2024-02-14,706.75,706.75,,,ledg00289,bank00377,debit user john,debit,100.0,100.0,22.22,100.0,100.0,0.0,,amounts align; dates align; descriptions strongly match.,,,,,,,,,
FUZZY,86.0,ledger_transactions.csv | table=1,246,bank_statement.csv | table=1,252,2024-02-14,2024-02-14,418.1,418.1,,,ledg00205,bank00164,transfer user john,transfer,100.0,100.0,22.22,100.0,100.0,0.0,,amounts align; dates align; descriptions strongly match.,,,,,,,,,
FUZZY,82.0,ledger_transactions.csv | table=1,247,bank_statement.csv | table=1,245,2024-02-14,2024-02-13,100.0,100.0,,,ledg00347,bank00499,credit user sara,credit,100.0,66.67,33.33,100.0,100.0,0.0,,amounts align; dates are within window; descriptions strongly match.,,,,,,,,,
FUZZY,86.0,ledger_transactions.csv | table=1,248,bank_statement.csv | table=1,251,2024-02-14,2024-02-14,1411.12,1411.12,INV,,ledg00361,bank00099,debit system auto,debit,100.0,100.0,22.22,100.0,100.0,0.0,,amounts align; dates align; descriptions strongly match.,,,,,,,,,
FUZZY,86.0,ledger_transactions.csv | table=1,249,bank_statement.csv | table=1,255,2024-02-15,2024-02-15,1888.68,1888.68,,,ledg00105,bank00333,credit system auto,credit,100.0,100.0,22.22,100.0,100.0,0.0,,amounts align; dates align; descriptions strongly match.,,,,,,,,,
FUZZY,88.0,ledger_transactions.csv | table=1,250,bank_statement.csv | table=1,253,2024-02-15,2024-02-15,249.84,249.84,,,ledg00032,bank00337,credit user john,credit,100.0,100.0,33.33,100.0,100.0,0.0,,amounts align; dates align; descriptions strongly match.,,,,,,,,,
FUZZY,88.0,ledger_transactions.csv | table=1,251,bank_statement.csv | table=1,261,2024-02-16,2024-02-16,50.0,50.0,,,ledg00185,bank00455,debit user sara,debit,100.0,100.0,33.33,100.0,100.0,0.0,,amounts align; dates align; descriptions strongly match.,,,,,,,,,
FUZZY,86.0,ledger_transactions.csv | table=1,253,bank_statement.csv | table=1,260,2024-02-16,2024-02-16,1600.58,1599.58,,,ledg00219,bank00354,transfer system auto,transfer,100.0,100.0,22.22,100.0,100.0,1.0,,amounts align; dates align; descriptions strongly match.,,,,,,,,,
FUZZY,88.0,ledger_transactions.csv | table=1,254,bank_statement.csv | table=1,256,2024-02-16,2024-02-16,50.01,50.0,,,ledg00333,bank00036,credit system auto,credit,100.0,100.0,33.33,100.0,100.0,0.01,,amounts align; dates align; descriptions strongly match.,,,,,,,,,
FUZZY,88.0,ledger_transactions.csv | table=1,255,bank_statement.csv | table=1,257,2024-02-16,2024-02-16,500.0,500.0,,,ledg00429,bank00413,credit system auto,credit,100.0,100.0,33.33,100.0,100.0,0.0,,amounts align; dates align; descriptions strongly match.,,,,,,,,,
FUZZY,88.0,ledger_transactions.csv | table=1,256,bank_statement.csv | table=1,258,2024-02-16,2024-02-16,100.44,100.44,,,ledg00160,bank00061,credit user sara,credit,100.0,100.0,33.33,100.0,100.0,0.0,,amounts align; dates align; descriptions strongly match.,,,,,,,,,
FUZZY,88.0,ledger_transactions.csv | table=1,257,bank_statement.csv | table=1,259,2024-02-16,2024-02-16,134.05,134.06,,,ledg00110,bank00133,credit user john,credit,100.0,100.0,33.33,100.0,100.0,0.01,,amounts align; dates align; descriptions strongly match.,,,,,,,,,
FUZZY,86.0,ledger_transactions.csv | table=1,258,bank_statement.csv | table=1,265,2024-02-17,2024-02-17,100.0,100.0,,,ledg00426,bank00081,credit user sara,credit,100.0,100.0,22.22,100.0,100.0,0.0,,amounts align; dates align; descriptions strongly match.,,,,,,,,,
FUZZY,88.0,ledger_transactions.csv | table=1,260,bank_statement.csv | table=1,271,2024-02-17,2024-02-17,50.0,50.0,,,ledg00063,bank00324,transfer user sara,transfer,100.0,100.0,33.33,100.0,100.0,0.0,,amounts align; dates align; descriptions strongly match.,,,,,,,,,
FUZZY,90.0,ledger_transactions.csv | table=1,261,bank_statement.csv | table=1,264,2024-02-17,2024-02-17,500.0,500.0,,,ledg00274,bank00264,credit user sara,credit,100.0,100.0,44.44,100.0,100.0,0.0,,amounts align; dates align; descriptions strongly match.,,,,,,,,,
FUZZY,88.0,ledger_transactions.csv | table=1,262,bank_statement.csv | table=1,269,2024-02-17,2024-02-17,1749.04,1749.04,,,ledg00275,bank00299,debit user sara,debit,100.0,100.0,33.33,100.0,100.0,0.0,,amounts align; dates align; descriptions strongly match.,,,,,,,,,
FUZZY,88.0,ledger_transactions.csv | table=1,263,bank_statement.csv | table=1,267,2024-02-17,2024-02-17,500.0,500.0,,,ledg00026,bank00462,transfer user john,transfer,100.0,100.0,33.33,100.0,100.0,0.0,,amounts align; dates align; descriptions strongly match.,,,,,,,,,
FUZZY,88.0,ledger_transactions.csv | table=1,264,bank_statement.csv | table=1,266,2024-02-17,2024-02-17,250.0,250.0,,,ledg00262,bank00124,transfer system auto,transfer,100.0,100.0,33.33,100.0,100.0,0.0,,amounts align; dates align; descriptions strongly match.,,,,,,,,,
FUZZY,88.0,ledger_transactions.csv | table=1,265,bank_statement.csv | table=1,268,2024-02-17,2024-02-17,99.75,99.75,,,ledg00226,bank00365,debit system auto,debit,100.0,100.0,33.33,100.0,100.0,0.0,,amounts align; dates align; descriptions strongly match.,,,,,,,,,
FUZZY,86.0,ledger_transactions.csv | table=1,267,bank_statement.csv | table=1,273,2024-02-18,2024-02-18,1615.06,1615.06,,,ledg00445,bank00329,credit user sara,credit,100.0,100.0,22.22,100.0,100.0,0.0,,amounts align; dates align; descriptions strongly match.,,,,,,,,,
FUZZY,86.0,ledger_transactions.csv | table=1,268,bank_statement.csv | table=1,274,2024-02-18,2024-02-18,1135.81,1135.81,,,ledg00217,bank00400,credit user sara,credit,100.0,100.0,22.22,100.0,100.0,0.0,,amounts align; dates align; descriptions strongly match.,,,,,,,,,
FUZZY,86.0,ledger_transactions.csv | table=1,269,bank_statement.csv | table=1,272,2024-02-18,2024-02-18,124.54,124.54,,,ledg00371,bank00028,transfer user sara,transfer,100.0,100.0,22.22,100.0,100.0,0.0,,amounts align; dates align; descriptions strongly match.,,,,,,,,,
FUZZY,82.0,ledger_transactions.csv | table=1,270,bank_statement.csv | table=1,277,2024-02-18,2024-02-19,1605.44,1605.44,,,ledg00343,bank00485,debit user sara,debit,100.0,66.67,33.33,100.0,100.0,0.0,,amounts align; dates are within window; descriptions strongly match.,,,,,,,,,
FUZZY,82.0,ledger_transactions.csv | table=1,271,bank_statement.csv | table=1,262,2024-02-18,2024-02-17,500.0,500.0,,,ledg00352,bank00306,credit system auto,credit,100.0,66.67,33.33,100.0,100.0,0.0,,amounts align; dates are within window; descriptions strongly match.,,,,,,,,,
FUZZY,88.0,ledger_transactions.csv | table=1,272,bank_statement.csv | table=1,276,2024-02-19,2024-02-19,500.0,500.0,,,ledg00263,bank00369,debit user sara,debit,100.0,100.0,33.33,100.0,100.0,0.0,,amounts align; dates align; descriptions strongly match.,,,,,,,,,
FUZZY,88.0,ledger_transactions.csv | table=1,273,bank_statement.csv | table=1,278,2024-02-19,2024-02-19,1061.02,1060.02,,,ledg00145,bank00254,credit user sara,credit,100.0,100.0,33.33,100.0,100.0,1.0,,amounts align; dates align; descriptions strongly match.,,,,,,,,,
FUZZY,86.0,ledger_transactions.csv | table=1,274,bank_statement.csv | table=1,275,2024-02-19,2024-02-19,1000.0,1000.0,,,ledg00325,bank00066,debit user sara,debit,100.0,100.0,22.22,100.0,100.0,0.0,,amounts align; dates align; descriptions strongly match.,,,,,,,,,
FUZZY,86.0,ledger_transactions.csv | table=1,276,bank_statement.csv | table=1,286,2024-02-20,2024-02-20,1000.0,1000.0,,,ledg00089,bank00313,debit user john,debit,100.0,100.0,22.22,100.0,100.0,0.0,,amounts align; dates align; descriptions strongly match.,,,,,,,,,
FUZZY,88.0,ledger_transactions.csv | table=1,277,bank_statement.csv | table=1,283,2024-02-20,2024-02-20,762.2,762.2,,,ledg00346,bank00042,credit system auto,credit,100.0,100.0,33.33,100.0,100.0,0.0,,amounts align; dates align; descriptions strongly match.,,,,,,,,,
FUZZY,86.0,ledger_transactions.csv | table=1,278,bank_statement.csv | table=1,282,2024-02-20,2024-02-20,743.37,743.37,,,ledg00355,bank00449,debit user john,debit,100.0,100.0,22.22,100.0,100.0,0.0,,amounts align; dates align; descriptions strongly match.,,,,,,,,,
FUZZY,82.0,ledger_transactions.csv | table=1,279,bank_statement.csv | table=1,290,2024-02-20,2024-02-21,250.01,250.0,,,ledg00047,bank00001,credit system auto,credit,100.0,66.67,33.33,100.0,100.0,0.01,,amounts align; dates are within window; descriptions strongly match.,,,,,,,,,
FUZZY,88.0,ledger_transactions.csv | table=1,280,bank_statement.csv | table=1,284,2024-02-20,2024-02-20,1133.27,1133.27,,,ledg00257,bank00147,credit system auto,credit,100.0,100.0,33.33,100.0,100.0,0.0,,amounts align; dates align; descriptions strongly match.,,,,,,,,,
FUZZY,84.0,ledger_transactions.csv | table=1,281,bank_statement.csv | table=1,289,2024-02-20,2024-02-21,50.0,50.0,,,ledg00419,bank00416,debit user sara,debit,100.0,66.67,44.44,100.0,100.0,0.0,,amounts align; dates are within window; descriptions strongly match.,,,,,,,,,
FUZZY,88.0,ledger_transactions.csv | table=1,282,bank_statement.csv | table=1,281,2024-02-20,2024-02-20,1000.0,1000.0,,,ledg00173,bank00391,credit system auto,credit,100.0,100.0,33.33,100.0,100.0,0.0,,amounts align; dates align; descriptions strongly match.,,,,,,,,,
FUZZY,86.0,ledger_transactions.csv | table=1,283,bank_statement.csv | table=1,285,2024-02-20,2024-02-20,1000.0,1000.0,,,ledg00181,bank00490,credit user john,credit,100.0,100.0,22.22,100.0,100.0,0.0,,amounts align; dates align; descriptions strongly match.,,,,,,,,,
FUZZY,84.0,ledger_transactions.csv | table=1,284,bank_statement.csv | table=1,297,2024-02-21,2024-02-22,50.0,50.0,,,ledg00049,bank00054,debit system auto,debit,100.0,66.67,44.44,100.0,100.0,0.0,,amounts align; dates are within window; descriptions strongly match.,,,,,,,,,
FUZZY,88.0,ledger_transactions.csv | table=1,285,bank_statement.csv | table=1,293,2024-02-21,2024-02-21,305.84,305.84,,,ledg00227,bank00245,debit user john,debit,100.0,100.0,33.33,100.0,100.0,0.0,,amounts align; dates align; descriptions strongly match.,,,,,,,,,
FUZZY,84.0,ledger_transactions.csv | table=1,286,bank_statement.csv | table=1,300,2024-02-21,2024-02-22,393.26,393.27,,,ledg00398,bank00338,debit user sara,debit,100.0,66.67,44.44,100.0,100.0,0.01,,amounts align; dates are within window; descriptions strongly match.,,,,,,,,,
FUZZY,86.0,ledger_transactions.csv | table=1,287,bank_statement.csv | table=1,288,2024-02-21,2024-02-21,1000.0,1000.0,,,ledg00251,bank00470,transfer system auto,transfer,100.0,100.0,22.22,100.0,100.0,0.0,,amounts align; dates align; descriptions strongly match.,,,,,,,,,
FUZZY,86.0,ledger_transactions.csv | table=1,288,bank_statement.csv | table=1,291,2024-02-21,2024-02-21,341.79,341.79,,,ledg00306,bank00198,transfer user sara,transfer,100.0,100.0,22.22,100.0,100.0,0.0,,amounts align; dates align; descriptions strongly match.,,,,,,,,,
FUZZY,86.0,ledger_transactions.csv | table=1,289,bank_statement.csv | table=1,292,2024-02-21,2024-02-21,1219.03,1219.03,,,ledg00057,bank00149,credit user john,credit,100.0,100.0,22.22,100.0,100.0,0.0,,amounts align; dates align; descriptions strongly match.,,,,,,,,,
FUZZY,88.0,ledger_transactions.csv | table=1,290,bank_statement.csv | table=1,294,2024-02-21,2024-02-21,500.0,500.0,,,ledg00012,bank00195,debit user john,debit,100.0,100.0,33.33,100.0,100.0,0.0,,amounts align; dates align; descriptions strongly match.,,,,,,,,,
FUZZY,88.0,ledger_transactions.csv | table=1,291,bank_statement.csv | table=1,287,2024-02-21,2024-02-21,500.0,500.0,,,ledg00193,bank00401,credit user sara,credit,100.0,100.0,33.33,100.0,100.0,0.0,,amounts align; dates align; descriptions strongly match.,,,,,,,,,
FUZZY,88.0,ledger_transactions.csv | table=1,293,bank_statement.csv | table=1,298,2024-02-22,2024-02-22,50.0,50.0,,,ledg00439,bank00014,credit user sara,credit,100.0,100.0,33.33,100.0,100.0,0.0,,amounts align; dates align; descriptions strongly match.,,,,,,,,,
FUZZY,86.0,ledger_transactions.csv | table=1,294,bank_statement.csv | table=1,296,2024-02-22,2024-02-22,1759.35,1759.35,,,ledg00269,bank00408,debit user john,debit,100.0,100.0,22.22,100.0,100.0,0.0,,amounts align; dates align; descriptions strongly match.,,,,,,,,,
FUZZY,88.0,ledger_transactions.csv | table=1,295,bank_statement.csv | table=1,299,2024-02-22,2024-02-22,103.32,103.32,,,ledg00086,bank00091,debit user john,debit,100.0,100.0,33.33,100.0,100.0,0.0,,amounts align; dates align; descriptions strongly match.,,,,,,,,,
FUZZY,86.0,ledger_transactions.csv | table=1,297,bank_statement.csv | table=1,306,2024-02-23,2024-02-23,523.2,523.2,,,ledg00375,bank00289,credit user sara,credit,100.0,100.0,22.22,100.0,100.0,0.0,,amounts align; dates align; descriptions strongly match.,,,,,,,,,
FUZZY,86.0,ledger_transactions.csv | table=1,298,bank_statement.csv | table=1,304,2024-02-23,2024-02-23,1289.41,1289.42,,,ledg00184,bank00276,credit user john,credit,100.0,100.0,22.22,100.0,100.0,0.01,,amounts align; dates align; descriptions strongly match.,,,,,,,,,
FUZZY,90.0,ledger_transactions.csv | table=1,299,bank_statement.csv | table=1,308,2024-02-23,2024-02-23,1629.45,1629.45,,,ledg00078,bank00070,credit user john,credit,100.0,100.0,44.44,100.0,100.0,0.0,,amounts align; dates align; descriptions strongly match.,,,,,,,,,
FUZZY,88.0,ledger_transactions.csv | table=1,300,bank_statement.csv | table=1,302,2024-02-23,2024-02-23,1596.62,1596.62,,,ledg00400,bank00208,transfer user john,transfer,100.0,100.0,33.33,100.0,100.0,0.0,,amounts align; dates align; descriptions strongly match.,,,,,,,,,
FUZZY,88.0,ledger_transactions.csv | table=1,302,bank_statement.csv | table=1,303,2024-02-23,2024-02-23,999.99,1000.0,,,ledg00339,bank00314,debit user john,debit,100.0,100.0,33.33,100.0,100.0,0.01,,amounts align; dates align; descriptions strongly match.,,,,,,,,,
FUZZY,82.0,ledger_transactions.csv | table=1,306,bank_statement.csv | table=1,314,2024-02-24,2024-02-25,1000.0,1000.0,,,ledg00272,bank00203,credit user john,credit,100.0,66.67,33.33,100.0,100.0,0.0,,amounts align; dates are within window; descriptions strongly match.,,,,,,,,,
FUZZY,88.0,ledger_transactions.csv | table=1,307,bank_statement.csv | table=1,309,2024-02-24,2024-02-24,1396.34,1396.34,,,ledg00284,bank00220,credit user john,credit,100.0,100.0,33.33,100.0,100.0,0.0,,amounts align; dates align; descriptions strongly match.,,,,,,,,,
FUZZY,86.0,ledger_transactions.csv | table=1,308,bank_statement.csv | table=1,312,2024-02-24,2024-02-24,481.0,481.0,,,ledg00248,bank00039,debit user john,debit,100.0,100.0,22.22,100.0,100.0,0.0,,amounts align; dates align; descriptions strongly match.,,,,,,,,,
FUZZY,82.0,ledger_transactions.csv | table=1,310,bank_statement.csv | table=1,310,2024-02-25,2024-02-24,250.0,250.0,,,ledg00372,bank00425,credit system auto,credit,100.0,66.67,33.33,100.0,100.0,0.0,,amounts align; dates are within window; descriptions strongly match.,,,,,,,,,
FUZZY,82.0,ledger_transactions.csv | table=1,311,bank_statement.csv | table=1,315,2024-02-25,2024-02-26,379.2,379.2,,,ledg00010,bank00451,debit system auto,debit,100.0,66.67,33.33,100.0,100.0,0.0,,amounts align; dates are within window; descriptions strongly match.,,,,,,,,,
FUZZY,88.0,ledger_transactions.csv | table=1,312,bank_statement.csv | table=1,316,2024-02-26,2024-02-26,250.0,250.0,,,ledg00003,bank00375,debit user john,debit,100.0,100.0,33.33,100.0,100.0,0.0,,amounts align; dates align; descriptions strongly match.,,,,,,,,,
FUZZY,86.0,ledger_transactions.csv | table=1,313,bank_statement.csv | table=1,317,2024-02-26,2024-02-26,1000.0,1000.0,,,ledg00204,bank00166,transfer user sara,transfer,100.0,100.0,22.22,100.0,100.0,0.0,,amounts align; dates align; descriptions strongly match.,,,,,,,,,
FUZZY,82.0,ledger_transactions.csv | table=1,315,bank_statement.csv | table=1,325,2024-02-26,2024-02-27,1188.89,1188.89,,,ledg00314,bank00398,credit user john,credit,100.0,66.67,33.33,100.0,100.0,0.0,,amounts align; dates are within window; descriptions strongly match.,,,,,,,,,
FUZZY,86.0,ledger_transactions.csv | table=1,317,bank_statement.csv | table=1,324,2024-02-27,2024-02-27,100.0,100.0,,,ledg00092,bank00473,credit system auto,credit,100.0,100.0,22.22,100.0,100.0,0.0,,amounts align; dates align; descriptions strongly match.,,,,,,,,,
FUZZY,86.0,ledger_transactions.csv | table=1,318,bank_statement.csv | table=1,319,2024-02-27,2024-02-27,1463.79,1463.79,,,ledg00224,bank00197,debit user sara,debit,100.0,100.0,22.22,100.0,100.0,0.0,,amounts align; dates align; descriptions strongly match.,,,,,,,,,
FUZZY,86.0,ledger_transactions.csv | table=1,319,bank_statement.csv | table=1,320,2024-02-27,2024-02-27,996.79,996.79,,,ledg00258,bank00393,debit user john,debit,100.0,100.0,22.22,100.0,100.0,0.0,,amounts align; dates align; descriptions strongly match.,,,,,,,,,
FUZZY,88.0,ledger_transactions.csv | table=1,320,bank_statement.csv | table=1,321,2024-02-27,2024-02-27,1000.0,1000.0,,,ledg00112,bank00424,credit user john,credit,100.0,100.0,33.33,100.0,100.0,0.0,,amounts align; dates align; descriptions strongly match.,,,,,,,,,
FUZZY,86.0,ledger_transactions.csv | table=1,321,bank_statement.csv | table=1,323,2024-02-27,2024-02-27,512.49,512.49,,,ledg00298,bank00433,credit system auto,credit,100.0,100.0,22.22,100.0,100.0,0.0,,amounts align; dates align; descriptions strongly match.,,,,,,,,,
FUZZY,86.37,ledger_transactions.csv | table=1,322,bank_statement.csv | table=1,334,2024-02-28,2024-02-28,888.65,880.01,,,ledg00334,bank00308,debit user john,debit,96.11,100.0,33.33,100.0,100.0,8.64,,amounts align; dates align; descriptions strongly match.,,,,,,,,,
FUZZY,88.0,ledger_transactions.csv | table=1,324,bank_statement.csv | table=1,328,2024-02-28,2024-02-28,909.91,909.91,,,ledg00399,bank00237,transfer user sara,transfer,100.0,100.0,33.33,100.0,100.0,0.0,,amounts align; dates align; descriptions strongly match.,,,,,,,,,
FUZZY,88.0,ledger_transactions.csv | table=1,326,bank_statement.csv | table=1,329,2024-02-28,2024-02-28,100.0,100.0,,,ledg00125,bank00232,credit user john,credit,100.0,100.0,33.33,100.0,100.0,0.0,,amounts align; dates align; descriptions strongly match.,,,,,,,,,
FUZZY,86.0,ledger_transactions.csv | table=1,330,bank_statement.csv | table=1,331,2024-02-28,2024-02-28,1939.25,1939.25,,,ledg00238,bank00159,debit system auto,debit,100.0,100.0,22.22,100.0,100.0,0.0,,amounts align; dates align; descriptions strongly match.,,,,,,,,,
FUZZY,88.35,ledger_transactions.csv | table=1,332,bank_statement.csv | table=1,333,2024-02-28,2024-02-28,880.02,888.65,,,ledg00297,bank00029,debit system auto,debit,96.08,100.0,44.44,100.0,100.0,8.63,,amounts align; dates align; descriptions strongly match.,,,,,,,,,
FUZZY,84.0,ledger_transactions.csv | table=1,333,bank_statement.csv | table=1,330,2024-02-29,2024-02-28,690.74,690.74,,,ledg00059,bank00205,debit user john,debit,100.0,66.67,44.44,100.0,100.0,0.0,,amounts align; dates are within window; descriptions strongly match.,,,,,,,,,
FUZZY,88.0,ledger_transactions.csv | table=1,334,bank_statement.csv | table=1,342,2024-02-29,2024-02-29,500.0,500.0,,,ledg00020,bank00409,debit user sara,debit,100.0,100.0,33.33,100.0,100.0,0.0,,amounts align; dates align; descriptions strongly match.,,,,,,,,,
FUZZY,86.0,ledger_transactions.csv | table=1,335,bank_statement.csv | table=1,339,2024-02-29,2024-02-29,1936.27,1936.27,,,ledg00144,bank00095,debit system auto,debit,100.0,100.0,22.22,100.0,100.0,0.0,,amounts align; dates align; descriptions strongly match.,,,,,,,,,
FUZZY,90.0,ledger_transactions.csv | table=1,336,bank_statement.csv | table=1,340,2024-02-29,2024-02-29,1000.0,1000.0,,,ledg00018,bank00031,credit system auto,credit,100.0,100.0,44.44,100.0,100.0,0.0,,amounts align; dates align; descriptions strongly match.,,,,,,,,,
FUZZY,88.0,ledger_transactions.csv | table=1,337,bank_statement.csv | table=1,343,2024-02-29,2024-02-29,500.0,500.0,,,ledg00237,bank00339,debit user sara,debit,100.0,100.0,33.33,100.0,100.0,0.0,,amounts align; dates align; descriptions strongly match.,,,,,,,,,
FUZZY,86.0,ledger_transactions.csv | table=1,339,bank_statement.csv | table=1,344,2024-02-29,2024-02-29,960.65,960.65,,,ledg00424,bank00050,credit user john,credit,100.0,100.0,22.22,100.0,100.0,0.0,,amounts align; dates align; descriptions strongly match.,,,,,,,,,
FUZZY,86.0,ledger_transactions.csv | table=1,341,bank_statement.csv | table=1,346,2024-03-01,2024-03-01,1691.3,1691.3,,,ledg00157,bank00004,debit user sara,debit,100.0,100.0,22.22,100.0,100.0,0.0,,amounts align; dates align; descriptions strongly match.,,,,,,,,,
FUZZY,86.0,ledger_transactions.csv | table=1,342,bank_statement.csv | table=1,349,2024-03-01,2024-03-01,250.0,250.0,,,ledg00104,bank00323,debit system auto,debit,100.0,100.0,22.22,100.0,100.0,0.0,,amounts align; dates align; descriptions strongly match.,,,,,,,,,
FUZZY,82.0,ledger_transactions.csv | table=1,343,bank_statement.csv | table=1,341,2024-03-01,2024-02-29,1938.91,1938.91,,,ledg00106,bank00057,debit user sara,debit,100.0,66.67,33.33,100.0,100.0,0.0,,amounts align; dates are within window; descriptions strongly match.,,,,,,,,,
FUZZY,88.0,ledger_transactions.csv | table=1,344,bank_statement.csv | table=1,347,2024-03-01,2024-03-01,966.99,967.0,,,ledg00405,bank00489,transfer user john,transfer,100.0,100.0,33.33,100.0,100.0,0.01,,amounts align; dates align; descriptions strongly match.,,,,,,,,,
FUZZY,86.0,ledger_transactions.csv | table=1,345,bank_statement.csv | table=1,351,2024-03-02,2024-03-02,1000.0,1000.0,,,ledg00006,bank00395,debit user john,debit,100.0,100.0,22.22,100.0,100.0,0.0,,amounts align; dates align; descriptions strongly match.,,,,,,,,,
FUZZY,90.0,ledger_transactions.csv | table=1,346,bank_statement.csv | table=1,358,2024-03-02,2024-03-02,452.93,452.93,,,ledg00045,bank00034,debit user sara,debit,100.0,100.0,44.44,100.0,100.0,0.0,,amounts align; dates align; descriptions strongly match.,,,,,,,,,
FUZZY,86.0,ledger_transactions.csv | table=1,347,bank_statement.csv | table=1,354,2024-03-02,2024-03-02,411.44,411.44,,,ledg00084,bank00173,debit system auto,debit,100.0,100.0,22.22,100.0,100.0,0.0,,amounts align; dates align; descriptions strongly match.,,,,,,,,,
FUZZY,86.0,ledger_transactions.csv | table=1,348,bank_statement.csv | table=1,357,2024-03-02,2024-03-02,1784.87,1784.87,,,ledg00428,bank00035,credit user john,credit,100.0,100.0,22.22,100.0,100.0,0.0,,amounts align; dates align; descriptions strongly match.,,,,,,,,,
FUZZY,86.0,ledger_transactions.csv | table=1,350,bank_statement.csv | table=1,362,2024-03-02,2024-03-02,1935.35,1935.35,,,ledg00079,bank00456,transfer user sara,transfer,100.0,100.0,22.22,100.0,100.0,0.0,,amounts align; dates align; descriptions strongly match.,,,,,,,,,
FUZZY,88.0,ledger_transactions.csv | table=1,351,bank_statement.csv | table=1,360,2024-03-02,2024-03-02,1947.24,1947.24,,,ledg00430,bank00428,debit user sara,debit,100.0,100.0,33.33,100.0,100.0,0.0,,amounts align; dates align; descriptions strongly match.,,,,,,,,,
FUZZY,86.0,ledger_transactions.csv | table=1,352,bank_statement.csv | table=1,361,2024-03-02,2024-03-02,500.0,500.0,,,ledg00044,bank00186,credit system auto,credit,100.0,100.0,22.22,100.0,100.0,0.0,,amounts align; dates align; descriptions strongly match.,,,,,,,,,
FUZZY,86.0,ledger_transactions.csv | table=1,355,bank_statement.csv | table=1,359,2024-03-02,2024-03-02,1930.4,1930.4,,,ledg00345,bank00179,credit system auto,credit,100.0,100.0,22.22,100.0,100.0,0.0,,amounts align; dates align; descriptions strongly match.,,,,,,,,,
FUZZY,88.0,ledger_transactions.csv | table=1,356,bank_statement.csv | table=1,364,2024-03-02,2024-03-02,868.75,868.74,,,ledg00182,bank00196,credit user john,credit,100.0,100.0,33.33,100.0,100.0,0.01,,amounts align; dates align; descriptions strongly match.,,,,,,,,,
FUZZY,82.0,ledger_transactions.csv | table=1,357,bank_statement.csv | table=1,371,2024-03-02,2024-03-03,1000.0,1000.0,,,ledg00241,bank00394,debit user john,debit,100.0,66.67,33.33,100.0,100.0,0.0,,amounts align; dates are within window; descriptions strongly match.,,,,,,,,,
FUZZY,92.0,ledger_transactions.csv | table=1,358,bank_statement.csv | table=1,355,2024-03-02,2024-03-02,1195.32,1195.32,,,ledg00176,bank00176,credit system auto,credit,100.0,100.0,55.56,100.0,100.0,0.0,,amounts align; dates align; descriptions strongly match.,,,,,,,,,
FUZZY,86.0,ledger_transactions.csv | table=1,359,bank_statement.csv | table=1,350,2024-03-02,2024-03-02,1424.8,1424.8,,,ledg00304,bank00165,transfer user john,transfer,100.0,100.0,22.22,100.0,100.0,0.0,,amounts align; dates align; descriptions strongly match.,,,,,,,,,
FUZZY,84.0,ledger_transactions.csv | table=1,360,bank_statement.csv | table=1,348,2024-03-02,2024-03-01,1385.53,1385.53,,,ledg00290,bank00292,credit user john,credit,100.0,66.67,44.44,100.0,100.0,0.0,,amounts align; dates are within window; descriptions strongly match.,,,,,,,,,
FUZZY,88.0,ledger_transactions.csv | table=1,361,bank_statement.csv | table=1,363,2024-03-02,2024-03-02,1259.52,1259.52,,,ledg00280,bank00126,credit user sara,credit,100.0,100.0,33.33,100.0,100.0,0.0,,amounts align; dates align; descriptions strongly match.,,,,,,,,,
FUZZY,86.0,ledger_transactions.csv | table=1,363,bank_statement.csv | table=1,369,2024-03-03,2024-03-03,1620.94,1620.94,,,ledg00016,bank00389,credit system auto,credit,100.0,100.0,22.22,100.0,100.0,0.0,,amounts align; dates align; descriptions strongly match.,,,,,,,,,
FUZZY,86.0,ledger_transactions.csv | table=1,365,bank_statement.csv | table=1,368,2024-03-03,2024-03-03,681.52,681.52,,,ledg00259,bank00148,debit user john,debit,100.0,100.0,22.22,100.0,100.0,0.0,,amounts align; dates align; descriptions strongly match.,,,,,,,,,
FUZZY,90.0,ledger_transactions.csv | table=1,366,bank_statement.csv | table=1,370,2024-03-03,2024-03-03,72.29,72.29,,,ledg00422,bank00442,debit user john,debit,100.0,100.0,44.44,100.0,100.0,0.0,,amounts align; dates align; descriptions strongly match.,,,,,,,,,
FUZZY,82.0,ledger_transactions.csv | table=1,367,bank_statement.csv | table=1,353,2024-03-03,2024-03-02,500.0,500.0,,,ledg00223,bank00037,debit user sara,debit,100.0,66.67,33.33,100.0,100.0,0.0,,amounts align; dates are within window; descriptions strongly match.,,,,,,,,,
FUZZY,88.0,ledger_transactions.csv | table=1,368,bank_statement.csv | table=1,367,2024-03-03,2024-03-03,953.69,953.69,,,ledg00433,bank00340,transfer user sara,transfer,100.0,100.0,33.33,100.0,100.0,0.0,,amounts align; dates align; descriptions strongly match.,,,,,,,,,
FUZZY,88.0,ledger_transactions.csv | table=1,369,bank_statement.csv | table=1,366,2024-03-03,2024-03-03,1000.0,1000.0,,,ledg00348,bank00422,debit user john,debit,100.0,100.0,33.33,100.0,100.0,0.0,,amounts align; dates align; descriptions strongly match.,,,,,,,,,
FUZZY,90.0,ledger_transactions.csv | table=1,370,bank_statement.csv | table=1,365,2024-03-03,2024-03-03,989.31,989.31,,,ledg00318,bank00108,debit user john,debit,100.0,100.0,44.44,100.0,100.0,0.0,,amounts align; dates align; descriptions strongly match.,,,,,,,,,
FUZZY,90.0,ledger_transactions.csv | table=1,371,bank_statement.csv | table=1,373,2024-03-04,2024-03-04,500.01,500.0,,,ledg00368,bank00328,credit user john,credit,100.0,100.0,44.44,100.0,100.0,0.01,,amounts align; dates align; descriptions strongly match.,,,,,,,,,
FUZZY,88.0,ledger_transactions.csv | table=1,372,bank_statement.csv | table=1,375,2024-03-04,2024-03-04,250.0,250.0,,,ledg00123,bank00321,credit user sara,credit,100.0,100.0,33.33,100.0,100.0,0.0,,amounts align; dates align; descriptions strongly match.,,,,,,,,,
FUZZY,86.0,ledger_transactions.csv | table=1,373,bank_statement.csv | table=1,376,2024-03-04,2024-03-04,100.0,100.0,,,ledg00033,bank00441,transfer user sara,transfer,100.0,100.0,22.22,100.0,100.0,0.0,,amounts align; dates align; descriptions strongly match.,,,,,,,,,
FUZZY,82.0,ledger_transactions.csv | table=1,374,bank_statement.csv | table=1,380,2024-03-04,2024-03-05,1067.22,1067.22,,,ledg00053,bank00132,transfer system auto,transfer,100.0,66.67,33.33,100.0,100.0,0.0,,amounts align; dates are within window; descriptions strongly match.,,,,,,,,,
FUZZY,88.0,ledger_transactions.csv | table=1,375,bank_statement.csv | table=1,377,2024-03-04,2024-03-04,191.66,191.66,,,ledg00103,bank00020,credit user sara,credit,100.0,100.0,33.33,100.0,100.0,0.0,,amounts align; dates align; descriptions strongly match.,,,,,,,,,
FUZZY,88.0,ledger_transactions.csv | table=1,378,bank_statement.csv | table=1,378,2024-03-05,2024-03-05,1198.57,1198.58,,,ledg00344,bank00379,credit user sara,credit,100.0,100.0,33.33,100.0,100.0,0.01,,amounts align; dates align; descriptions strongly match.,,,,,,,,,
FUZZY,88.0,ledger_transactions.csv | table=1,379,bank_statement.csv | table=1,379,2024-03-05,2024-03-05,664.74,664.74,,,ledg00191,bank00494,credit user sara,credit,100.0,100.0,33.33,100.0,100.0,0.0,,amounts align; dates align; descriptions strongly match.,,,,,,,,,
FUZZY,88.0,ledger_transactions.csv | table=1,380,bank_statement.csv | table=1,385,2024-03-06,2024-03-06,250.0,250.0,,,ledg00261,bank00288,transfer user john,transfer,100.0,100.0,33.33,100.0,100.0,0.0,,amounts align; dates align; descriptions strongly match.,,,,,,,,,
FUZZY,86.0,ledger_transactions.csv | table=1,382,bank_statement.csv | table=1,382,2024-03-06,2024-03-06,1258.75,1258.74,,,ledg00024,bank00357,transfer user john,transfer,100.0,100.0,22.22,100.0,100.0,0.01,,amounts align; dates align; descriptions strongly match.,,,,,,,,,
FUZZY,88.0,ledger_transactions.csv | table=1,384,bank_statement.csv | table=1,383,2024-03-06,2024-03-06,1439.73,1439.73,,,ledg00411,bank00162,credit system auto,credit,100.0,100.0,33.33,100.0,100.0,0.0,,amounts align; dates align; descriptions strongly match.,,,,,,,,,
FUZZY,86.0,ledger_transactions.csv | table=1,385,bank_statement.csv | table=1,387,2024-03-07,2024-03-07,890.17,890.17,,,ledg00288,bank00445,debit system auto,debit,100.0,100.0,22.22,100.0,100.0,0.0,,amounts align; dates align; descriptions strongly match.,,,,,,,,,
FUZZY,88.0,ledger_transactions.csv | table=1,387,bank_statement.csv | table=1,388,2024-03-07,2024-03-07,50.0,50.0,,,ledg00446,bank00493,debit user john,debit,100.0,100.0,33.33,100.0,100.0,0.0,,amounts align; dates align; descriptions strongly match.,,,,,,,,,
FUZZY,88.0,ledger_transactions.csv | table=1,388,bank_statement.csv | table=1,390,2024-03-07,2024-03-07,100.0,100.0,,,ledg00342,bank00241,debit system auto,debit,100.0,100.0,33.33,100.0,100.0,0.0,,amounts align; dates align; descriptions strongly match.,,,,,,,,,
FUZZY,88.0,ledger_transactions.csv | table=1,389,bank_statement.csv | table=1,389,2024-03-07,2024-03-07,1754.56,1754.56,,,ledg00311,bank00350,debit user sara,debit,100.0,100.0,33.33,100.0,100.0,0.0,,amounts align; dates align; descriptions strongly match.,,,,,,,,,
FUZZY,88.0,ledger_transactions.csv | table=1,392,bank_statement.csv | table=1,393,2024-03-08,2024-03-08,1864.92,1864.92,,,ledg00158,bank00219,credit user sara,credit,100.0,100.0,33.33,100.0,100.0,0.0,,amounts align; dates align; descriptions strongly match.,,,,,,,,,
FUZZY,88.0,ledger_transactions.csv | table=1,393,bank_statement.csv | table=1,394,2024-03-08,2024-03-08,1665.95,1665.95,,,ledg00054,bank00411,credit user john,credit,100.0,100.0,33.33,100.0,100.0,0.0,,amounts align; dates align; descriptions strongly match.,,,,,,,,,
FUZZY,86.0,ledger_transactions.csv | table=1,395,bank_statement.csv | table=1,402,2024-03-09,2024-03-09,1143.19,1143.19,,,ledg00140,bank00266,debit user john,debit,100.0,100.0,22.22,100.0,100.0,0.0,,amounts align; dates align; descriptions strongly match.,,,,,,,,,
FUZZY,86.0,ledger_transactions.csv | table=1,396,bank_statement.csv | table=1,397,2024-03-09,2024-03-09,1819.95,1819.95,,,ledg00267,bank00443,debit system auto,debit,100.0,100.0,22.22,100.0,100.0,0.0,,amounts align; dates align; descriptions strongly match.,,,,,,,,,
FUZZY,86.0,ledger_transactions.csv | table=1,397,bank_statement.csv | table=1,399,2024-03-09,2024-03-09,1256.18,1256.18,,,ledg00169,bank00454,transfer system auto,transfer,100.0,100.0,22.22,100.0,100.0,0.0,,amounts align; dates align; descriptions strongly match.,,,,,,,,,
FUZZY,86.0,ledger_transactions.csv | table=1,398,bank_statement.csv | table=1,396,2024-03-09,2024-03-09,1392.45,1392.45,,,ledg00085,bank00322,transfer user sara,transfer,100.0,100.0,22.22,100.0,100.0,0.0,,amounts align; dates align; descriptions strongly match.,,,,,,,,,
FUZZY,86.0,ledger_transactions.csv | table=1,399,bank_statement.csv | table=1,395,2024-03-09,2024-03-09,1451.33,1451.33,,,ledg00201,bank00468,transfer user john,transfer,100.0,100.0,22.22,100.0,100.0,0.0,,amounts align; dates align; descriptions strongly match.,,,,,,,,,
FUZZY,88.0,ledger_transactions.csv | table=1,400,bank_statement.csv | table=1,398,2024-03-09,2024-03-09,49.99,50.0,,,ledg00253,bank00475,transfer system auto,transfer,100.0,100.0,33.33,100.0,100.0,0.01,,amounts align; dates align; descriptions strongly match.,,,,,,,,,
FUZZY,88.0,ledger_transactions.csv | table=1,401,bank_statement.csv | table=1,401,2024-03-09,2024-03-09,50.0,50.0,,,ledg00218,bank00226,debit system auto,debit,100.0,100.0,33.33,100.0,100.0,0.0,,amounts align; dates align; descriptions strongly match.,,,,,,,,,
FUZZY,88.0,ledger_transactions.csv | table=1,402,bank_statement.csv | table=1,403,2024-03-10,2024-03-10,1000.0,1000.0,,,ledg00357,bank00227,debit system auto,debit,100.0,100.0,33.33,100.0,100.0,0.0,,amounts align; dates align; descriptions strongly match.,,,,,,,,,
FUZZY,90.0,ledger_transactions.csv | table=1,404,bank_statement.csv | table=1,407,2024-03-10,2024-03-10,1000.0,1000.0,,,ledg00178,bank00182,transfer user john,transfer,100.0,100.0,44.44,100.0,100.0,0.0,,amounts align; dates align; descriptions strongly match.,,,,,,,,,
FUZZY,88.0,ledger_transactions.csv | table=1,405,bank_statement.csv | table=1,410,2024-03-11,2024-03-11,232.96,232.96,,,ledg00172,bank00158,credit system auto,credit,100.0,100.0,33.33,100.0,100.0,0.0,,amounts align; dates align; descriptions strongly match.,,,,,,,,,
FUZZY,90.0,ledger_transactions.csv | table=1,406,bank_statement.csv | table=1,409,2024-03-11,2024-03-11,1114.08,1114.08,,,ledg00029,bank00102,transfer system auto,transfer,100.0,100.0,44.44,100.0,100.0,0.0,,amounts align; dates align; descriptions strongly match.,,,,,,,,,
FUZZY,86.0,ledger_transactions.csv | table=1,409,bank_statement.csv | table=1,411,2024-03-11,2024-03-11,1262.5,1262.5,,,ledg00136,bank00058,credit user john,credit,100.0,100.0,22.22,100.0,100.0,0.0,,amounts align; dates align; descriptions strongly match.,,,,,,,,,
FUZZY,90.0,ledger_transactions.csv | table=1,412,bank_statement.csv | table=1,414,2024-03-12,2024-03-12,1000.0,1000.0,,,ledg00082,bank00083,debit user john,debit,100.0,100.0,44.44,100.0,100.0,0.0,,amounts align; dates align; descriptions strongly match.,,,,,,,,,
FUZZY,90.0,ledger_transactions.csv | table=1,415,bank_statement.csv | table=1,412,2024-03-12,2024-03-12,1000.01,1000.0,,,ledg00212,bank00120,credit user sara,credit,100.0,100.0,44.44,100.0,100.0,0.01,,amounts align; dates align; descriptions strongly match.,,,,,,,,,
FUZZY,82.0,ledger_transactions.csv | table=1,416,bank_statement.csv | table=1,419,2024-03-12,2024-03-13,50.0,50.0,,,ledg00174,bank00119,debit user john,debit,100.0,66.67,33.33,100.0,100.0,0.0,,amounts align; dates are within window; descriptions strongly match.,,,,,,,,,
FUZZY,86.0,ledger_transactions.csv | table=1,417,bank_statement.csv | table=1,413,2024-03-12,2024-03-12,1000.0,1000.0,,,ledg00395,bank00280,debit user sara,debit,100.0,100.0,22.22,100.0,100.0,0.0,,amounts align; dates align; descriptions strongly match.,,,,,,,,,
FUZZY,86.0,ledger_transactions.csv | table=1,420,bank_statement.csv | table=1,418,2024-03-13,2024-03-13,250.01,250.0,,,ledg00323,bank00045,credit user sara,credit,100.0,100.0,22.22,100.0,100.0,0.01,,amounts align; dates align; descriptions strongly match.,,,,,,,,,
FUZZY,88.0,ledger_transactions.csv | table=1,422,bank_statement.csv | table=1,420,2024-03-14,2024-03-14,759.71,759.71,,,ledg00046,bank00078,debit system auto,debit,100.0,100.0,33.33,100.0,100.0,0.0,,amounts align; dates align; descriptions strongly match.,,,,,,,,,
FUZZY,88.0,ledger_transactions.csv | table=1,423,bank_statement.csv | table=1,424,2024-03-15,2024-03-15,732.49,732.49,,,ledg00090,bank00279,debit user sara,debit,100.0,100.0,33.33,100.0,100.0,0.0,,amounts align; dates align; descriptions strongly match.,,,,,,,,,
FUZZY,82.0,ledger_transactions.csv | table=1,424,bank_statement.csv | table=1,428,2024-03-15,2024-03-16,100.0,100.0,,,ledg00147,bank00024,debit system auto,debit,100.0,66.67,33.33,100.0,100.0,0.0,,amounts align; dates are within window; descriptions strongly match.,,,,,,,,,
FUZZY,86.0,ledger_transactions.csv | table=1,427,bank_statement.csv | table=1,422,2024-03-15,2024-03-15,1935.49,1935.49,INV,,ledg00383,bank00009,transfer user sara,transfer,100.0,100.0,22.22,100.0,100.0,0.0,,amounts align; dates align; descriptions strongly match.,,,,,,,,,
FUZZY,90.0,ledger_transactions.csv | table=1,428,bank_statement.csv | table=1,426,2024-03-15,2024-03-15,1417.4,1417.4,,,ledg00121,bank00221,debit user sara,debit,100.0,100.0,44.44,100.0,100.0,0.0,,amounts align; dates align; descriptions strongly match.,,,,,,,,,
FUZZY,88.0,ledger_transactions.csv | table=1,429,bank_statement.csv | table=1,425,2024-03-15,2024-03-15,184.87,184.86,,,ledg00034,bank00174,credit user john,credit,100.0,100.0,33.33,100.0,100.0,0.01,,amounts align; dates align; descriptions strongly match.,,,,,,,,,
FUZZY,88.0,ledger_transactions.csv | table=1,430,bank_statement.csv | table=1,431,2024-03-16,2024-03-16,100.0,100.0,,,ledg00403,bank00458,debit system auto,debit,100.0,100.0,33.33,100.0,100.0,0.0,,amounts align; dates align; descriptions strongly match.,,,,,,,,,
FUZZY,86.0,ledger_transactions.csv | table=1,433,bank_statement.csv | table=1,432,2024-03-17,2024-03-17,500.0,500.0,,,ledg00296,bank00180,transfer user sara,transfer,100.0,100.0,22.22,100.0,100.0,0.0,,amounts align; dates align; descriptions strongly match.,,,,,,,,,
FUZZY,82.0,ledger_transactions.csv | table=1,435,bank_statement.csv | table=1,436,2024-03-17,2024-03-18,500.0,500.0,,,ledg00321,bank00134,debit system auto,debit,100.0,66.67,33.33,100.0,100.0,0.0,,amounts align; dates are within window; descriptions strongly match.,,,,,,,,,
FUZZY,88.0,ledger_transactions.csv | table=1,436,bank_statement.csv | table=1,433,2024-03-17,2024-03-17,1120.41,1119.91,,,ledg00197,bank00146,debit user john,debit,100.0,100.0,33.33,100.0,100.0,0.5,,amounts align; dates align; descriptions strongly match.,,,,,,,,,
FUZZY,82.0,ledger_transactions.csv | table=1,439,bank_statement.csv | table=1,438,2024-03-18,2024-03-19,474.1,474.1,,,ledg00186,bank00142,transfer user sara,transfer,100.0,66.67,33.33,100.0,100.0,0.0,,amounts align; dates are within window; descriptions strongly match.,,,,,,,,,
FUZZY,88.0,ledger_transactions.csv | table=1,440,bank_statement.csv | table=1,435,2024-03-18,2024-03-18,50.0,50.0,,,ledg00379,bank00063,transfer user john,transfer,100.0,100.0,33.33,100.0,100.0,0.0,,amounts align; dates align; descriptions strongly match.,,,,,,,,,
FUZZY,82.45,ledger_transactions.csv | table=1,442,bank_statement.csv | table=1,445,2024-03-19,2024-03-20,1691.12,1675.56,,,ledg00322,bank00032,credit user sara,credit,96.32,66.67,44.44,100.0,100.0,15.56,,amounts align; dates are within window; descriptions strongly match.,,,,,,,,,
FUZZY,82.0,ledger_transactions.csv | table=1,443,bank_statement.csv | table=1,437,2024-03-19,2024-03-18,1999.44,1999.44,,,ledg00202,bank00084,debit user john,debit,100.0,66.67,33.33,100.0,100.0,0.0,,amounts align; dates are within window; descriptions strongly match.,,,,,,,,,
FUZZY,88.0,ledger_transactions.csv | table=1,444,bank_statement.csv | table=1,439,2024-03-19,2024-03-19,609.74,609.74,,,ledg00415,bank00191,credit user sara,credit,100.0,100.0,33.33,100.0,100.0,0.0,,amounts align; dates align; descriptions strongly match.,,,,,,,,,
FUZZY,88.0,ledger_transactions.csv | table=1,446,bank_statement.csv | table=1,441,2024-03-20,2024-03-20,999.99,1000.0,,,ledg00209,bank00234,credit user john,credit,100.0,100.0,33.33,100.0,100.0,0.01,,amounts align; dates align; descriptions strongly match.,,,,,,,,,
FUZZY,88.0,ledger_transactions.csv | table=1,448,bank_statement.csv | table=1,446,2024-03-21,2024-03-21,990.31,990.31,,,ledg00195,bank00110,debit user john,debit,100.0,100.0,33.33,100.0,100.0,0.0,,amounts align; dates align; descriptions strongly match.,,,,,,,,,
FUZZY,82.0,ledger_transactions.csv | table=1,453,bank_statement.csv | table=1,447,2024-03-22,2024-03-21,1526.79,1527.29,,,ledg00128,bank00204,debit user sara,debit,100.0,66.67,33.33,100.0,100.0,0.5,,amounts align; dates are within window; descriptions strongly match.,,,,,,,,,
FUZZY,84.0,ledger_transactions.csv | table=1,454,bank_statement.csv | table=1,448,2024-03-22,2024-03-21,1000.5,1000.0,,,ledg00040,bank00064,debit user sara,debit,100.0,66.67,44.44,100.0,100.0,0.5,,amounts align; dates are within window; descriptions strongly match.,,,,,,,,,
FUZZY,88.0,ledger_transactions.csv | table=1,456,bank_statement.csv | table=1,451,2024-03-22,2024-03-22,427.71,427.71,,,ledg00196,bank00249,debit user sara,debit,100.0,100.0,33.33,100.0,100.0,0.0,,amounts align; dates align; descriptions strongly match.,,,,,,,,,
FUZZY,86.0,ledger_transactions.csv | table=1,457,bank_statement.csv | table=1,453,2024-03-23,2024-03-24,156.86,156.86,INV,,ledg00056,bank00056,credit user john,credit,100.0,66.67,55.56,100.0,100.0,0.0,,amounts align; dates are within window; descriptions strongly match.,,,,,,,,,
FUZZY,82.0,ledger_transactions.csv | table=1,459,bank_statement.csv | table=1,456,2024-03-23,2024-03-24,1000.0,1000.0,,,ledg00350,bank00283,transfer user sara,transfer,100.0,66.67,33.33,100.0,100.0,0.0,,amounts align; dates are within window; descriptions strongly match.,,,,,,,,,
FUZZY,82.0,ledger_transactions.csv | table=1,460,bank_statement.csv | table=1,450,2024-03-23,2024-03-22,54.71,54.71,,,ledg00229,bank00287,debit system auto,debit,100.0,66.67,33.33,100.0,100.0,0.0,,amounts align; dates are within window; descriptions strongly match.,,,,,,,,,
FUZZY,86.0,ledger_transactions.csv | table=1,462,bank_statement.csv | table=1,455,2024-03-24,2024-03-24,100.0,100.0,,,ledg00300,bank00482,debit user john,debit,100.0,100.0,22.22,100.0,100.0,0.0,,amounts align; dates align; descriptions strongly match.,,,,,,,,,
FUZZY,86.0,ledger_transactions.csv | table=1,463,bank_statement.csv | table=1,454,2024-03-24,2024-03-24,249.99,250.0,,,ledg00335,bank00171,debit user john,debit,100.0,100.0,22.22,100.0,100.0,0.01,,amounts align; dates align; descriptions strongly match.,,,,,,,,,
FUZZY,86.0,ledger_transactions.csv | table=1,466,bank_statement.csv | table=1,457,2024-03-25,2024-03-25,307.67,307.67,,,ledg00155,bank00463,debit user sara,debit,100.0,100.0,22.22,100.0,100.0,0.0,,amounts align; dates align; descriptions strongly match.,,,,,,,,,
FUZZY,88.0,ledger_transactions.csv | table=1,467,bank_statement.csv | table=1,459,2024-03-25,2024-03-25,1690.65,1690.65,,,ledg00294,bank00341,debit user john,debit,100.0,100.0,33.33,100.0,100.0,0.0,,amounts align; dates align; descriptions strongly match.,,,,,,,,,
FUZZY,88.0,ledger_transactions.csv | table=1,468,bank_statement.csv | table=1,466,2024-03-26,2024-03-26,702.14,702.14,,,ledg00337,bank00399,credit user sara,credit,100.0,100.0,33.33,100.0,100.0,0.0,,amounts align; dates align; descriptions strongly match.,,,,,,,,,
FUZZY,88.0,ledger_transactions.csv | table=1,469,bank_statement.csv | table=1,461,2024-03-26,2024-03-26,500.0,500.0,,,ledg00129,bank00130,debit system auto,debit,100.0,100.0,33.33,100.0,100.0,0.0,,amounts align; dates align; descriptions strongly match.,,,,,,,,,
FUZZY,88.0,ledger_transactions.csv | table=1,470,bank_statement.csv | table=1,460,2024-03-26,2024-03-26,1635.97,1635.97,,,ledg00331,bank00160,credit user john,credit,100.0,100.0,33.33,100.0,100.0,0.0,,amounts align; dates align; descriptions strongly match.,,,,,,,,,
FUZZY,88.0,ledger_transactions.csv | table=1,471,bank_statement.csv | table=1,465,2024-03-26,2024-03-26,1106.21,1106.21,,,ledg00420,bank00390,credit system auto,credit,100.0,100.0,33.33,100.0,100.0,0.0,,amounts align; dates align; descriptions strongly match.,,,,,,,,,
FUZZY,86.0,ledger_transactions.csv | table=1,472,bank_statement.csv | table=1,464,2024-03-26,2024-03-26,707.92,707.92,,,ledg00216,bank00355,debit user sara,debit,100.0,100.0,22.22,100.0,100.0,0.0,,amounts align; dates align; descriptions strongly match.,,,,,,,,,
FUZZY,88.0,ledger_transactions.csv | table=1,473,bank_statement.csv | table=1,471,2024-03-27,2024-03-27,79.38,79.38,,,ledg00330,bank00384,debit user john,debit,100.0,100.0,33.33,100.0,100.0,0.0,,amounts align; dates align; descriptions strongly match.,,,,,,,,,
FUZZY,86.0,ledger_transactions.csv | table=1,474,bank_statement.csv | table=1,472,2024-03-27,2024-03-27,1911.74,1911.75,,,ledg00442,bank00388,debit user john,debit,100.0,100.0,22.22,100.0,100.0,0.01,,amounts align; dates align; descriptions strongly match.,,,,,,,,,
FUZZY,88.0,ledger_transactions.csv | table=1,475,bank_statement.csv | table=1,470,2024-03-27,2024-03-27,1000.0,1000.0,,,ledg00142,bank00209,credit user john,credit,100.0,100.0,33.33,100.0,100.0,0.0,,amounts align; dates align; descriptions strongly match.,,,,,,,,,
FUZZY,86.0,ledger_transactions.csv | table=1,476,bank_statement.csv | table=1,473,2024-03-27,2024-03-27,500.0,500.0,,,ledg00285,bank00343,debit system auto,debit,100.0,100.0,22.22,100.0,100.0,0.0,,amounts align; dates align; descriptions strongly match.,,,,,,,,,
FUZZY,87.23,ledger_transactions.csv | table=1,480,bank_statement.csv | table=1,479,2024-03-28,2024-03-28,1068.39,1073.31,,,ledg00055,bank00016,credit user john,credit,98.16,100.0,33.33,100.0,100.0,4.92,,amounts align; dates align; descriptions strongly match.,,,,,,,,,
FUZZY,90.0,ledger_transactions.csv | table=1,482,bank_statement.csv | table=1,476,2024-03-28,2024-03-28,852.71,852.71,,,ledg00011,bank00010,credit user john,credit,100.0,100.0,44.44,100.0,100.0,0.0,,amounts align; dates align; descriptions strongly match.,,,,,,,,,
FUZZY,88.0,ledger_transactions.csv | table=1,484,bank_statement.csv | table=1,474,2024-03-28,2024-03-28,1032.84,1032.84,,,ledg00246,bank00104,debit system auto,debit,100.0,100.0,33.33,100.0,100.0,0.0,,amounts align; dates align; descriptions strongly match.,,,,,,,,,
FUZZY,87.23,ledger_transactions.csv | table=1,485,bank_statement.csv | table=1,477,2024-03-28,2024-03-28,1073.31,1068.4,,,ledg00100,bank00194,credit user sara,credit,98.17,100.0,33.33,100.0,100.0,4.91,,amounts align; dates align; descriptions strongly match.,,,,,,,,,
FUZZY,88.0,ledger_transactions.csv | table=1,487,bank_statement.csv | table=1,484,2024-03-29,2024-03-29,1561.72,1561.72,,,ledg00326,bank00284,credit user sara,credit,100.0,100.0,33.33,100.0,100.0,0.0,,amounts align; dates align; descriptions strongly match.,,,,,,,,,
FUZZY,88.0,ledger_transactions.csv | table=1,490,bank_statement.csv | table=1,480,2024-03-29,2024-03-29,1058.78,1058.78,,,ledg00233,bank00437,debit user john,debit,100.0,100.0,33.33,100.0,100.0,0.0,,amounts align; dates align; descriptions strongly match.,,,,,,,,,
FUZZY,90.0,ledger_transactions.csv | table=1,491,bank_statement.csv | table=1,486,2024-03-29,2024-03-29,622.49,622.48,,,ledg00042,bank00094,credit user john,credit,100.0,100.0,44.44,100.0,100.0,0.01,,amounts align; dates align; descriptions strongly match.,,,,,,,,,
FUZZY,88.0,ledger_transactions.csv | table=1,492,bank_statement.csv | table=1,488,2024-03-30,2024-03-30,50.0,50.0,,,ledg00324,bank00461,credit user sara,credit,100.0,100.0,33.33,100.0,100.0,0.0,,amounts align; dates align; descriptions strongly match.,,,,,,,,,
FUZZY,88.0,ledger_transactions.csv | table=1,493,bank_statement.csv | table=1,493,2024-03-30,2024-03-30,800.36,800.36,,,ledg00111,bank00138,credit user john,credit,100.0,100.0,33.33,100.0,100.0,0.0,,amounts align; dates align; descriptions strongly match.,,,,,,,,,
FUZZY,86.0,ledger_transactions.csv | table=1,494,bank_statement.csv | table=1,498,2024-03-30,2024-03-30,250.0,250.0,,,ledg00150,bank00427,debit system auto,debit,100.0,100.0,22.22,100.0,100.0,0.0,,amounts align; dates align; descriptions strongly match.,,,,,,,,,
FUZZY,82.0,ledger_transactions.csv | table=1,495,bank_statement.csv | table=1,487,2024-03-30,2024-03-29,50.0,50.0,,,ledg00167,bank00027,credit user john,credit,100.0,66.67,33.33,100.0,100.0,0.0,,amounts align; dates are within window; descriptions strongly match.,,,,,,,,,
FUZZY,88.0,ledger_transactions.csv | table=1,496,bank_statement.csv | table=1,491,2024-03-30,2024-03-30,339.37,339.37,,,ledg00266,bank00240,debit system auto,debit,100.0,100.0,33.33,100.0,100.0,0.0,,amounts align; dates align; descriptions strongly match.,,,,,,,,,
FUZZY,88.0,ledger_transactions.csv | table=1,497,bank_statement.csv | table=1,490,2024-03-30,2024-03-30,50.0,50.0,,,ledg00435,bank00053,debit user sara,debit,100.0,100.0,33.33,100.0,100.0,0.0,,amounts align; dates align; descriptions strongly match.,,,,,,,,,
FUZZY,88.0,ledger_transactions.csv | table=1,498,bank_statement.csv | table=1,496,2024-03-30,2024-03-30,1733.47,1733.47,,,ledg00208,bank00075,credit system auto,credit,100.0,100.0,33.33,100.0,100.0,0.0,,amounts align; dates align; descriptions strongly match.,,,,,,,,,
GATEWAY_FEE,98.33,ledger_transactions.csv | table=1,23,bank_statement.csv | table=1,30,2024-01-03,2024-01-04,569.95,500.0,,,ledg00485,bank00150,journal entry system auto,credit,,66.67,,,,,,Amounts differ by a plausible gateway fee; date and context support the match.,569.95,500.0,69.95,12.273,33.33,,,,
GATEWAY_FEE,100.0,ledger_transactions.csv | table=1,25,bank_statement.csv | table=1,32,2024-01-03,2024-01-04,263.71,250.0,,,ledg00349,bank00476,debit user john,debit,,66.67,,,,,,Amounts differ by a plausible gateway fee; date and context support the match.,263.71,250.0,13.71,5.1989,100.0,,,,
GATEWAY_FEE,95.0,ledger_transactions.csv | table=1,35,bank_statement.csv | table=1,11,2024-01-05,2024-01-02,250.0,263.7,,,ledg00031,bank00207,debit system auto,debit,,0.0,,,,,,Amounts differ by a plausible gateway fee; date and context support the match.,263.7,250.0,13.7,5.1953,100.0,,,,
GATEWAY_FEE,98.33,ledger_transactions.csv | table=1,39,bank_statement.csv | table=1,43,2024-01-06,2024-01-07,1008.35,843.35,,,ledg00493,bank00302,journal entry user john,debit,,66.67,,,,,,Amounts differ by a plausible gateway fee; date and context support the match.,1008.35,843.35,165.0,16.3634,33.33,,,,
GATEWAY_FEE,96.11,ledger_transactions.csv | table=1,40,bank_statement.csv | table=1,42,2024-01-06,2024-01-07,405.4,500.0,,,ledg00466,bank00258,journal entry system auto,credit,,66.67,,,,,,Amounts differ by a plausible gateway fee; date and context support the match.,500.0,405.4,94.6,18.92,22.22,,,,
GATEWAY_FEE,98.33,ledger_transactions.csv | table=1,56,bank_statement.csv | table=1,51,2024-01-09,2024-01-08,629.77,527.86,,,ledg00207,bank00380,transfer user john,credit,,66.67,,,,,,Amounts differ by a plausible gateway fee; date and context support the match.,629.77,527.86,101.91,16.1821,33.33,,,,
GATEWAY_FEE,100.0,ledger_transactions.csv | table=1,60,bank_statement.csv | table=1,63,2024-01-10,2024-01-11,527.86,629.77,,,ledg00391,bank00229,credit user john,transfer,,66.67,,,,,,Amounts differ by a plausible gateway fee; date and context support the match.,629.77,527.86,101.91,16.1821,41.67,,,,
GATEWAY_FEE,90.0,ledger_transactions.csv | table=1,62,bank_statement.csv | table=1,65,2024-01-10,2024-01-12,1000.0,1194.15,,,ledg00022,bank00265,debit system auto,credit,,33.33,,,,,,Amounts differ by a plausible gateway fee; date and context support the match.,1194.15,1000.0,194.15,16.2584,33.33,,,,
GATEWAY_FEE,90.0,ledger_transactions.csv | table=1,63,bank_statement.csv | table=1,68,2024-01-10,2024-01-12,1194.15,1000.0,,,ledg00437,bank00492,credit system auto,debit,,33.33,,,,,,Amounts differ by a plausible gateway fee; date and context support the match.,1194.15,1000.0,194.15,16.2584,33.33,,,,
GATEWAY_FEE,100.0,ledger_transactions.csv | table=1,73,bank_statement.csv | table=1,84,2024-01-13,2024-01-15,1795.91,1721.65,,,ledg00091,bank00385,debit system auto,debit,,33.33,,,,,,Amounts differ by a plausible gateway fee; date and context support the match.,1795.91,1721.65,74.26,4.135,100.0,,,,
GATEWAY_FEE,100.0,ledger_transactions.csv | table=1,88,bank_statement.csv | table=1,74,2024-01-16,2024-01-14,1721.65,1795.9,,,ledg00041,bank00382,debit system auto,debit,,33.33,,,,,,Amounts differ by a plausible gateway fee; date and context support the match.,1795.9,1721.65,74.25,4.1344,100.0,,,,
GATEWAY_FEE,100.0,ledger_transactions.csv | table=1,98,bank_statement.csv | table=1,89,2024-01-17,2024-01-16,548.78,502.6,,,ledg00307,bank00459,debit user john,debit,,66.67,,,,,,Amounts differ by a plausible gateway fee; date and context support the match.,548.78,502.6,46.18,8.415,100.0,,,,
GATEWAY_FEE,100.0,ledger_transactions.csv | table=1,110,bank_statement.csv | table=1,98,2024-01-19,2024-01-17,503.97,500.0,,,ledg00069,bank00361,credit user john,credit,,33.33,,,,,,Amounts differ by a plausible gateway fee; date and context support the match.,503.97,500.0,3.97,0.7877,100.0,,,,
GATEWAY_FEE,90.0,ledger_transactions.csv | table=1,122,bank_statement.csv | table=1,142,2024-01-22,2024-01-24,718.77,678.37,,,ledg00487,bank00278,journal entry user john,credit,,33.33,,,,,,Amounts differ by a plausible gateway fee; date and context support the match.,718.77,678.37,40.4,5.6207,33.33,,,,
GATEWAY_FEE,96.11,ledger_transactions.csv | table=1,137,bank_statement.csv | table=1,129,2024-01-24,2024-01-23,1494.22,1317.4,,,ledg00370,bank00466,transfer user sara,debit,,66.67,,,,,,Amounts differ by a plausible gateway fee; date and context support the match.,1494.22,1317.4,176.82,11.8336,22.22,,,,
GATEWAY_FEE,93.77,ledger_transactions.csv | table=1,138,bank_statement.csv | table=1,149,2024-01-24,2024-01-26,1317.39,1494.22,,,ledg00080,bank00447,debit user sara,transfer,,33.33,,,,,,Amounts differ by a plausible gateway fee; date and context support the match.,1494.22,1317.39,176.83,11.8343,52.17,,,,
GATEWAY_FEE,96.11,ledger_transactions.csv | table=1,142,bank_statement.csv | table=1,137,2024-01-25,2024-01-24,889.02,760.12,,,ledg00476,bank00190,journal entry system auto,credit,,66.67,,,,,,Amounts differ by a plausible gateway fee; date and context support the match.,889.02,760.12,128.9,14.4991,22.22,,,,
GATEWAY_FEE,100.0,ledger_transactions.csv | table=1,149,bank_statement.csv | table=1,145,2024-01-26,2024-01-25,526.91,500.0,,,ledg00070,bank00285,debit user sara,debit,,66.67,,,,,,Amounts differ by a plausible gateway fee; date and context support the match.,526.91,500.0,26.91,5.1071,100.0,,,,
GATEWAY_FEE,100.0,ledger_transactions.csv | table=1,152,bank_statement.csv | table=1,144,2024-01-27,2024-01-25,500.0,526.91,,,ledg00279,bank00392,debit user john,debit,,33.33,,,,,,Amounts differ by a plausible gateway fee; date and context support the match.,526.91,500.0,26.91,5.1071,100.0,,,,
GATEWAY_FEE,98.33,ledger_transactions.csv | table=1,159,bank_statement.csv | table=1,162,2024-01-28,2024-01-29,1403.41,1555.43,,,ledg00484,bank00452,journal entry system auto,transfer,,66.67,,,,,,Amounts differ by a plausible gateway fee; date and context support the match.,1555.43,1403.41,152.02,9.7735,33.33,,,,
GATEWAY_FEE,100.0,ledger_transactions.csv | table=1,163,bank_statement.csv | table=1,157,2024-01-29,2024-01-28,690.33,584.37,,,ledg00283,bank00168,debit user sara,debit,,66.67,,,,,,Amounts differ by a plausible gateway fee; date and context support the match.,690.33,584.37,105.96,15.3492,100.0,,,,
GATEWAY_FEE,100.0,ledger_transactions.csv | table=1,164,bank_statement.csv | table=1,171,2024-01-29,2024-01-30,584.37,690.33,,,ledg00250,bank00419,debit user sara,debit,,66.67,,,,,,Amounts differ by a plausible gateway fee; date and context support the match.,690.33,584.37,105.96,15.3492,100.0,,,,
GATEWAY_FEE,100.0,ledger_transactions.csv | table=1,169,bank_statement.csv | table=1,184,2024-01-31,2024-02-02,806.6,967.31,,,ledg00132,bank00344,debit user sara,debit,,33.33,,,,,,Amounts differ by a plausible gateway fee; date and context support the match.,967.31,806.6,160.71,16.6141,100.0,,,,
GATEWAY_FEE,100.0,ledger_transactions.csv | table=1,170,bank_statement.csv | table=1,195,2024-01-31,2024-02-02,1555.43,1631.96,,,ledg00067,bank00294,transfer system auto,transfer,,33.33,,,,,,Amounts differ by a plausible gateway fee; date and context support the match.,1631.96,1555.43,76.53,4.6895,100.0,,,,
GATEWAY_FEE,98.33,ledger_transactions.csv | table=1,177,bank_statement.csv | table=1,190,2024-02-01,2024-02-02,1162.59,1198.98,,,ledg00495,bank00488,journal entry system auto,debit,,66.67,,,,,,Amounts differ by a plausible gateway fee; date and context support the match.,1198.98,1162.59,36.39,3.0351,33.33,,,,
GATEWAY_FEE,87.78,ledger_transactions.csv | table=1,178,bank_statement.csv | table=1,199,2024-02-01,2024-02-03,1161.05,1073.5,,,ledg00478,bank00122,journal entry user john,credit,,33.33,,,,,,Amounts differ by a plausible gateway fee; date and context support the match.,1161.05,1073.5,87.55,7.5406,22.22,,,,
GATEWAY_FEE,100.0,ledger_transactions.csv | table=1,190,bank_statement.csv | table=1,189,2024-02-02,2024-02-02,1491.12,1822.14,,,ledg00061,bank00277,debit user john,debit,,100.0,,,,,,Amounts differ by a plausible gateway fee; date and context support the match.,1822.14,1491.12,331.02,18.1666,100.0,,,,
GATEWAY_FEE,100.0,ledger_transactions.csv | table=1,199,bank_statement.csv | table=1,214,2024-02-04,2024-02-06,1198.98,1050.9,,,ledg00299,bank00187,debit system auto,debit,,33.33,,,,,,Amounts differ by a plausible gateway fee; date and context support the match.,1198.98,1050.9,148.08,12.3505,100.0,,,,
GATEWAY_FEE,85.0,ledger_transactions.csv | table=1,216,bank_statement.csv | table=1,227,2024-02-07,2024-02-09,1014.86,872.97,,,ledg00488,bank00496,journal entry user john,credit,,33.33,,,,,,Amounts differ by a plausible gateway fee; date and context support the match.,1014.86,872.97,141.89,13.9812,33.33,,,,
GATEWAY_FEE,88.18,ledger_transactions.csv | table=1,218,bank_statement.csv | table=1,231,2024-02-08,2024-02-10,887.51,829.21,,,ledg00459,bank00116,journal entry system auto,transfer,,33.33,,,,,,Amounts differ by a plausible gateway fee; date and context support the match.,887.51,829.21,58.3,6.5689,24.24,,,,
GATEWAY_FEE,95.0,ledger_transactions.csv | table=1,221,bank_statement.csv | table=1,233,2024-02-08,2024-02-11,872.97,958.47,,,ledg00017,bank00163,credit user john,credit,,0.0,,,,,,Amounts differ by a plausible gateway fee; date and context support the match.,958.47,872.97,85.5,8.9205,100.0,,,,
GATEWAY_FEE,100.0,ledger_transactions.csv | table=1,227,bank_statement.csv | table=1,224,2024-02-09,2024-02-08,121.54,122.04,,,ledg00153,bank00046,debit user john,debit,,66.67,,,,,,Amounts differ by a plausible gateway fee; date and context support the match.,122.04,121.54,0.5,0.4097,100.0,,,,
GATEWAY_FEE,95.0,ledger_transactions.csv | table=1,231,bank_statement.csv | table=1,247,2024-02-10,2024-02-13,1000.0,1069.85,,,ledg00199,bank00170,credit user sara,credit,,0.0,,,,,,Amounts differ by a plausible gateway fee; date and context support the match.,1069.85,1000.0,69.85,6.529,100.0,,,,
GATEWAY_FEE,100.0,ledger_transactions.csv | table=1,241,bank_statement.csv | table=1,254,2024-02-13,2024-02-15,958.47,929.27,,,ledg00376,bank00351,credit system auto,credit,,33.33,,,,,,Amounts differ by a plausible gateway fee; date and context support the match.,958.47,929.27,29.2,3.0465,100.0,,,,
GATEWAY_FEE,95.0,ledger_transactions.csv | table=1,252,bank_statement.csv | table=1,244,2024-02-16,2024-02-13,929.28,914.54,,,ledg00408,bank00059,credit user john,credit,,0.0,,,,,,Amounts differ by a plausible gateway fee; date and context support the match.,929.28,914.54,14.74,1.5862,100.0,,,,
GATEWAY_FEE,90.0,ledger_transactions.csv | table=1,266,bank_statement.csv | table=1,280,2024-02-18,2024-02-20,1393.29,1727.65,,,ledg00500,bank00038,journal entry system auto,credit,,33.33,,,,,,Amounts differ by a plausible gateway fee; date and context support the match.,1727.65,1393.29,334.36,19.3535,33.33,,,,
GATEWAY_FEE,100.0,ledger_transactions.csv | table=1,292,bank_statement.csv | table=1,307,2024-02-22,2024-02-23,1727.65,1646.85,,,ledg00171,bank00072,credit system auto,credit,,66.67,,,,,,Amounts differ by a plausible gateway fee; date and context support the match.,1727.65,1646.85,80.8,4.6769,100.0,,,,
GATEWAY_FEE,100.0,ledger_transactions.csv | table=1,301,bank_statement.csv | table=1,305,2024-02-23,2024-02-23,1417.55,1326.69,,,ledg00472,bank00348,journal entry user john,credit,,100.0,,,,,,Amounts differ by a plausible gateway fee; date and context support the match.,1417.55,1326.69,90.86,6.4097,33.33,,,,
GATEWAY_FEE,100.0,ledger_transactions.csv | table=1,304,bank_statement.csv | table=1,311,2024-02-24,2024-02-24,1326.69,1267.31,,,ledg00096,bank00414,credit system auto,debit,,100.0,,,,,,Amounts differ by a plausible gateway fee; date and context support the match.,1326.69,1267.31,59.38,4.4758,26.09,,,,
GATEWAY_FEE,95.0,ledger_transactions.csv | table=1,314,bank_statement.csv | table=1,335,2024-02-26,2024-02-29,433.33,386.55,INV,,ledg00138,bank00406,debit system auto,debit,,0.0,,,,,,Amounts differ by a plausible gateway fee; date and context support the match.,433.33,386.55,46.78,10.7955,100.0,,,,
GATEWAY_FEE,98.33,ledger_transactions.csv | table=1,316,bank_statement.csv | table=1,322,2024-02-26,2024-02-27,347.84,433.33,,,ledg00492,bank00025,journal entry user sara,debit,,66.67,,,,,,Amounts differ by a plausible gateway fee; date and context support the match.,433.33,347.84,85.49,19.7286,33.33,,,,
GATEWAY_FEE,100.0,ledger_transactions.csv | table=1,323,bank_statement.csv | table=1,326,2024-02-28,2024-02-27,1056.71,1045.13,,,ledg00479,bank00349,journal entry user sara,credit,,66.67,,,,,,Amounts differ by a plausible gateway fee; date and context support the match.,1056.71,1045.13,11.58,1.0959,44.44,,,,
GATEWAY_FEE,100.0,ledger_transactions.csv | table=1,325,bank_statement.csv | table=1,336,2024-02-28,2024-02-29,1674.76,1900.62,,,ledg00404,bank00021,credit user john,credit,,66.67,,,,,,Amounts differ by a plausible gateway fee; date and context support the match.,1900.62,1674.76,225.86,11.8835,100.0,,,,
GATEWAY_FEE,96.11,ledger_transactions.csv | table=1,327,bank_statement.csv | table=1,337,2024-02-28,2024-02-29,424.92,500.0,,,ledg00498,bank00373,journal entry user john,credit,,66.67,,,,,,Amounts differ by a plausible gateway fee; date and context support the match.,500.0,424.92,75.08,15.016,22.22,,,,
GATEWAY_FEE,100.0,ledger_transactions.csv | table=1,328,bank_statement.csv | table=1,345,2024-02-28,2024-03-01,499.5,500.0,,,ledg00228,bank00440,transfer system auto,transfer,,33.33,,,,,,Amounts differ by a plausible gateway fee; date and context support the match.,500.0,499.5,0.5,0.1,100.0,,,,
GATEWAY_FEE,100.0,ledger_transactions.csv | table=1,329,bank_statement.csv | table=1,338,2024-02-28,2024-02-29,938.98,1000.0,,,ledg00461,bank00261,journal entry system auto,credit,,66.67,,,,,,Amounts differ by a plausible gateway fee; date and context support the match.,1000.0,938.98,61.02,6.102,44.44,,,,
GATEWAY_FEE,100.0,ledger_transactions.csv | table=1,349,bank_statement.csv | table=1,374,2024-03-02,2024-03-04,1000.01,1187.86,,,ledg00374,bank00040,credit system auto,credit,,33.33,,,,,,Amounts differ by a plausible gateway fee; date and context support the match.,1187.86,1000.01,187.85,15.8142,100.0,,,,
GATEWAY_FEE,100.0,ledger_transactions.csv | table=1,353,bank_statement.csv | table=1,356,2024-03-02,2024-03-02,973.43,792.05,,,ledg00491,bank00079,journal entry user sara,debit,,100.0,,,,,,Amounts differ by a plausible gateway fee; date and context support the match.,973.43,792.05,181.38,18.6331,33.33,,,,
GATEWAY_FEE,90.0,ledger_transactions.csv | table=1,362,bank_statement.csv | table=1,381,2024-03-03,2024-03-05,926.73,1000.0,,,ledg00480,bank00100,journal entry user john,debit,,33.33,,,,,,Amounts differ by a plausible gateway fee; date and context support the match.,1000.0,926.73,73.27,7.327,33.33,,,,
GATEWAY_FEE,90.0,ledger_transactions.csv | table=1,376,bank_statement.csv | table=1,384,2024-03-04,2024-03-06,792.05,788.43,,,ledg00060,bank00386,debit system auto,credit,,33.33,,,,,,Amounts differ by a plausible gateway fee; date and context support the match.,792.05,788.43,3.62,0.457,33.33,,,,
GATEWAY_FEE,100.0,ledger_transactions.csv | table=1,383,bank_statement.csv | table=1,386,2024-03-06,2024-03-07,1187.86,1042.65,,,ledg00066,bank00303,credit system auto,credit,,66.67,,,,,,Amounts differ by a plausible gateway fee; date and context support the match.,1187.86,1042.65,145.21,12.2245,100.0,,,,
GATEWAY_FEE,100.0,ledger_transactions.csv | table=1,386,bank_statement.csv | table=1,391,2024-03-07,2024-03-07,1059.08,1065.23,,,ledg00483,bank00345,journal entry user john,transfer,,100.0,,,,,,Amounts differ by a plausible gateway fee; date and context support the match.,1065.23,1059.08,6.15,0.5773,38.71,,,,
GATEWAY_FEE,87.78,ledger_transactions.csv | table=1,391,bank_statement.csv | table=1,405,2024-03-08,2024-03-10,1130.0,1016.72,,,ledg00460,bank00217,journal entry user sara,credit,,33.33,,,,,,Amounts differ by a plausible gateway fee; date and context support the match.,1130.0,1016.72,113.28,10.0248,22.22,,,,
GATEWAY_FEE,90.0,ledger_transactions.csv | table=1,403,bank_statement.csv | table=1,392,2024-03-10,2024-03-08,151.67,143.68,,,ledg00035,bank00295,credit system auto,debit,,33.33,,,,,,Amounts differ by a plausible gateway fee; date and context support the match.,151.67,143.68,7.99,5.268,33.33,,,,
GATEWAY_FEE,91.08,ledger_transactions.csv | table=1,410,bank_statement.csv | table=1,417,2024-03-11,2024-03-13,1482.9,1491.06,,,ledg00454,bank00231,journal entry user john,transfer,,33.33,,,,,,Amounts differ by a plausible gateway fee; date and context support the match.,1491.06,1482.9,8.16,0.5473,38.71,,,,
GATEWAY_FEE,92.22,ledger_transactions.csv | table=1,413,bank_statement.csv | table=1,421,2024-03-12,2024-03-14,1146.71,1000.0,,,ledg00489,bank00497,journal entry system auto,transfer,,33.33,,,,,,Amounts differ by a plausible gateway fee; date and context support the match.,1146.71,1000.0,146.71,12.794,44.44,,,,
GATEWAY_FEE,95.0,ledger_transactions.csv | table=1,414,bank_statement.csv | table=1,423,2024-03-12,2024-03-15,100.01,87.98,,,ledg00313,bank00008,credit user sara,credit,,0.0,,,,,,Amounts differ by a plausible gateway fee; date and context support the match.,100.01,87.98,12.03,12.0288,100.0,,,,
GATEWAY_FEE,95.0,ledger_transactions.csv | table=1,419,bank_statement.csv | table=1,406,2024-03-13,2024-03-10,87.98,100.0,,,ledg00168,bank00403,credit user sara,credit,,0.0,,,,,,Amounts differ by a plausible gateway fee; date and context support the match.,100.0,87.98,12.02,12.02,100.0,,,,
GATEWAY_FEE,100.0,ledger_transactions.csv | table=1,426,bank_statement.csv | table=1,427,2024-03-15,2024-03-16,51.0,50.0,,,ledg00448,bank00307,debit user john,debit,,66.67,,,,,,Amounts differ by a plausible gateway fee; date and context support the match.,51.0,50.0,1.0,1.9608,100.0,,,,
GATEWAY_FEE,100.0,ledger_transactions.csv | table=1,431,bank_statement.csv | table=1,430,2024-03-16,2024-03-16,1280.94,1249.65,,,ledg00499,bank00383,journal entry user john,credit,,100.0,,,,,,Amounts differ by a plausible gateway fee; date and context support the match.,1280.94,1249.65,31.29,2.4427,22.22,,,,
GATEWAY_FEE,92.22,ledger_transactions.csv | table=1,437,bank_statement.csv | table=1,429,2024-03-18,2024-03-16,707.81,648.28,,,ledg00494,bank00446,journal entry user sara,credit,,33.33,,,,,,Amounts differ by a plausible gateway fee; date and context support the match.,707.81,648.28,59.53,8.4104,44.44,,,,
GATEWAY_FEE,100.0,ledger_transactions.csv | table=1,438,bank_statement.csv | table=1,443,2024-03-18,2024-03-20,1216.29,1000.0,,,ledg00441,bank00479,credit user sara,credit,,33.33,,,,,,Amounts differ by a plausible gateway fee; date and context support the match.,1216.29,1000.0,216.29,17.7828,100.0,,,,
GATEWAY_FEE,100.0,ledger_transactions.csv | table=1,441,bank_statement.csv | table=1,442,2024-03-18,2024-03-20,1000.0,1216.29,,,ledg00302,bank00089,credit user sara,credit,,33.33,,,,,,Amounts differ by a plausible gateway fee; date and context support the match.,1216.29,1000.0,216.29,17.7828,100.0,,,,
GATEWAY_FEE,100.0,ledger_transactions.csv | table=1,447,bank_statement.csv | table=1,434,2024-03-20,2024-03-18,1675.56,1691.12,,,ledg00131,bank00453,credit system auto,credit,,33.33,,,,,,Amounts differ by a plausible gateway fee; date and context support the match.,1691.12,1675.56,15.56,0.9201,100.0,,,,
GATEWAY_FEE,95.0,ledger_transactions.csv | table=1,452,bank_statement.csv | table=1,458,2024-03-22,2024-03-25,273.23,267.03,,,ledg00074,bank00088,debit user sara,debit,,0.0,,,,,,Amounts differ by a plausible gateway fee; date and context support the match.,273.23,267.03,6.2,2.2692,100.0,,,,
GATEWAY_FEE,100.0,ledger_transactions.csv | table=1,455,bank_statement.csv | table=1,452,2024-03-22,2024-03-23,999.5,1000.0,,,ledg00151,bank00006,debit user john,debit,,66.67,,,,,,Amounts differ by a plausible gateway fee; date and context support the match.,1000.0,999.5,0.5,0.05,100.0,,,,
GATEWAY_FEE,83.89,ledger_transactions.csv | table=1,461,bank_statement.csv | table=1,462,2024-03-23,2024-03-26,864.1,951.69,,,ledg00452,bank00450,journal entry user sara,credit,,0.0,,,,,,Amounts differ by a plausible gateway fee; date and context support the match.,951.69,864.1,87.59,9.2036,44.44,,,,
GATEWAY_FEE,100.0,ledger_transactions.csv | table=1,464,bank_statement.csv | table=1,467,2024-03-24,2024-03-26,99.5,100.0,,,ledg00126,bank00228,credit system auto,credit,,33.33,,,,,,Amounts differ by a plausible gateway fee; date and context support the match.,100.0,99.5,0.5,0.5,100.0,,,,
GATEWAY_FEE,100.0,ledger_transactions.csv | table=1,477,bank_statement.csv | table=1,469,2024-03-27,2024-03-27,952.69,1115.31,,,ledg00243,bank00085,credit user john,debit,,100.0,,,,,,Amounts differ by a plausible gateway fee; date and context support the match.,1115.31,952.69,162.62,14.5807,28.57,,,,
GATEWAY_FEE,100.0,ledger_transactions.csv | table=1,478,bank_statement.csv | table=1,485,2024-03-27,2024-03-29,500.0,482.64,,,ledg00338,bank00049,debit user john,debit,,33.33,,,,,,Amounts differ by a plausible gateway fee; date and context support the match.,500.0,482.64,17.36,3.472,100.0,,,,
GATEWAY_FEE,93.77,ledger_transactions.csv | table=1,479,bank_statement.csv | table=1,494,2024-03-28,2024-03-30,1220.09,1301.16,,,ledg00356,bank00144,debit user sara,transfer,,33.33,,,,,,Amounts differ by a plausible gateway fee; date and context support the match.,1301.16,1220.09,81.07,6.2306,52.17,,,,
GATEWAY_FEE,100.0,ledger_transactions.csv | table=1,483,bank_statement.csv | table=1,492,2024-03-28,2024-03-30,703.2,823.38,,,ledg00234,bank00260,transfer user john,transfer,,33.33,,,,,,Amounts differ by a plausible gateway fee; date and context support the match.,823.38,703.2,120.18,14.5959,100.0,,,,
GATEWAY_FEE,100.0,ledger_transactions.csv | table=1,486,bank_statement.csv | table=1,483,2024-03-29,2024-03-29,1301.16,1220.09,,,ledg00265,bank00101,transfer user john,debit,,100.0,,,,,,Amounts differ by a plausible gateway fee; date and context support the match.,1301.16,1220.09,81.07,6.2306,22.22,,,,
GATEWAY_FEE,93.33,ledger_transactions.csv | table=1,488,bank_statement.csv | table=1,497,2024-03-29,2024-03-30,904.42,929.39,,,ledg00462,bank00215,journal entry user sara,debit,,66.67,,,,,,Amounts differ by a plausible gateway fee; date and context support the match.,929.39,904.42,24.97,2.6867,33.33,,,,
GATEWAY_FEE,100.0,ledger_transactions.csv | table=1,489,bank_statement.csv | table=1,468,2024-03-29,2024-03-27,823.38,703.19,,,ledg00417,bank00007,transfer user sara,transfer,,33.33,,,,,,Amounts differ by a plausible gateway fee; date and context support the match.,823.38,703.19,120.19,14.5971,100.0,,,,
GATEWAY_FEE,90.0,ledger_transactions.csv | table=1,499,bank_statement.csv | table=1,475,2024-03-30,2024-03-28,363.26,302.68,,,ledg00470,bank00107,journal entry user sara,debit,,33.33,,,,,,Amounts differ by a plausible gateway fee; date and context support the match.,363.26,302.68,60.58,16.6768,33.33,,,,
SPLIT_PAYMENT,97.0,ledger_transactions.csv | table=1,20,bank_statement.csv | table=1,29,2024-01-03,2024-01-04,100.0,100.0,,,ledg00141,bank00067,credit user sara,credit,,,,,,,,Target transaction matched to a cluster of multiple transactions.,,,,,,[29],[100.0],100.0,0.0
SPLIT_PAYMENT,94.0,ledger_transactions.csv | table=1,30,bank_statement.csv | table=1,15,2024-01-04,2024-01-02,500.0,500.0,,,ledg00188,bank00068,debit system auto,debit,,,,,,,,Target transaction matched to a cluster of multiple transactions.,,,,,,[15],[500.0],500.0,0.0
SPLIT_PAYMENT,97.0,ledger_transactions.csv | table=1,36,bank_statement.csv | table=1,40,2024-01-05,2024-01-06,100.0,100.0,,,ledg00444,bank00167,transfer user sara,transfer,,,,,,,,Target transaction matched to a cluster of multiple transactions.,,,,,,[40],[100.0],100.0,0.0
SPLIT_PAYMENT,94.0,ledger_transactions.csv | table=1,41,bank_statement.csv | table=1,28,2024-01-06,2024-01-04,1490.98,1490.98,,,ledg00365,bank00048,transfer system auto,transfer,,,,,,,,Target transaction matched to a cluster of multiple transactions.,,,,,,[28],[1490.98],1490.98,0.0
SPLIT_PAYMENT,97.0,ledger_transactions.csv | table=1,96,bank_statement.csv | table=1,93,2024-01-17,2024-01-16,100.0,100.0,,,ledg00260,bank00448,credit user sara,credit,,,,,,,,Target transaction matched to a cluster of multiple transactions.,,,,,,[93],[100.0],100.0,0.0
SPLIT_PAYMENT,97.0,ledger_transactions.csv | table=1,100,bank_statement.csv | table=1,95,2024-01-18,2024-01-17,147.15,147.15,,,ledg00148,bank00223,transfer user sara,transfer,,,,,,,,Target transaction matched to a cluster of multiple transactions.,,,,,,[95],[147.15],147.15,0.0
SPLIT_PAYMENT,94.0,ledger_transactions.csv | table=1,115,bank_statement.csv | table=1,103,2024-01-20,2024-01-18,50.0,50.0,,,ledg00068,bank00047,debit user john,debit,,,,,,,,Target transaction matched to a cluster of multiple transactions.,,,,,,[103],[50.0],50.0,0.0
SPLIT_PAYMENT,94.0,ledger_transactions.csv | table=1,121,bank_statement.csv | table=1,115,2024-01-22,2024-01-20,36.06,36.06,,,ledg00328,bank00243,debit system auto,debit,,,,,,,,Target transaction matched to a cluster of multiple transactions.,,,,,,[115],[36.06],36.06,0.0
SPLIT_PAYMENT,97.0,ledger_transactions.csv | table=1,129,bank_statement.csv | table=1,123,2024-01-23,2024-01-22,100.0,100.0,,,ledg00278,bank00396,credit user john,credit,,,,,,,,Target transaction matched to a cluster of multiple transactions.,,,,,,[123],[100.0],100.0,0.0
SPLIT_PAYMENT,97.0,ledger_transactions.csv | table=1,157,bank_statement.csv | table=1,151,2024-01-28,2024-01-27,100.0,100.0,,,ledg00225,bank00140,credit system auto,credit,,,,,,,,Target transaction matched to a cluster of multiple transactions.,,,,,,[151],[100.0],100.0,0.0
SPLIT_PAYMENT,94.0,ledger_transactions.csv | table=1,173,bank_statement.csv | table=1,170,2024-02-01,2024-01-30,450.21,450.21,,,ledg00109,bank00332,debit user sara,debit,,,,,,,,Target transaction matched to a cluster of multiple transactions.,,,,,,[170],[450.21],450.21,0.0
SPLIT_PAYMENT,94.0,ledger_transactions.csv | table=1,183,bank_statement.csv | table=1,205,2024-02-02,2024-02-04,500.0,500.0,,,ledg00287,bank00290,credit system auto,credit,,,,,,,,Target transaction matched to a cluster of multiple transactions.,,,,,,[205],[500.0],500.0,0.0
SPLIT_PAYMENT,97.0,ledger_transactions.csv | table=1,191,bank_statement.csv | table=1,175,2024-02-02,2024-02-01,250.0,250.0,,,ledg00071,bank00353,transfer user sara,transfer,,,,,,,,Target transaction matched to a cluster of multiple transactions.,,,,,,[175],[250.0],250.0,0.0
SPLIT_PAYMENT,94.0,ledger_transactions.csv | table=1,197,bank_statement.csv | table=1,209,2024-02-03,2024-02-05,250.0,250.0,,,ledg00192,bank00376,credit user sara,credit,,,,,,,,Target transaction matched to a cluster of multiple transactions.,,,,,,[209],[250.0],250.0,0.0
SPLIT_PAYMENT,94.0,ledger_transactions.csv | table=1,204,bank_statement.csv | table=1,219,2024-02-05,2024-02-07,100.0,100.0,,,ledg00282,bank00224,credit user john,credit,,,,,,,,Target transaction matched to a cluster of multiple transactions.,,,,,,[219],[100.0],100.0,0.0
SPLIT_PAYMENT,94.0,ledger_transactions.csv | table=1,230,bank_statement.csv | table=1,223,2024-02-10,2024-02-08,143.48,143.48,,,ledg00117,bank00248,debit system auto,debit,,,,,,,,Target transaction matched to a cluster of multiple transactions.,,,,,,[223],[143.48],143.48,0.0
SPLIT_PAYMENT,94.0,ledger_transactions.csv | table=1,275,bank_statement.csv | table=1,295,2024-02-20,2024-02-22,371.37,371.38,,,ledg00401,bank00213,credit system auto,credit,,,,,,,,Target transaction matched to a cluster of multiple transactions.,,,,,,[295],[371.38],371.38,0.01
SPLIT_PAYMENT,97.0,ledger_transactions.csv | table=1,303,bank_statement.csv | table=1,301,2024-02-24,2024-02-23,220.61,220.61,,,ledg00183,bank00405,debit user sara,debit,,,,,,,,Target transaction matched to a cluster of multiple transactions.,,,,,,[301],[220.61],220.61,0.0
SPLIT_PAYMENT,94.0,ledger_transactions.csv | table=1,309,bank_statement.csv | table=1,327,2024-02-25,2024-02-27,50.0,50.0,,,ledg00293,bank00397,transfer system auto,transfer,,,,,,,,Target transaction matched to a cluster of multiple transactions.,,,,,,[327],[50.0],50.0,0.0
SPLIT_PAYMENT,97.0,ledger_transactions.csv | table=1,364,bank_statement.csv | table=1,352,2024-03-03,2024-03-02,1890.07,1890.08,,,ledg00327,bank00086,credit system auto,credit,,,,,,,,Target transaction matched to a cluster of multiple transactions.,,,,,,[352],[1890.08],1890.08,0.01
SPLIT_PAYMENT,94.0,ledger_transactions.csv | table=1,377,bank_statement.csv | table=1,372,2024-03-05,2024-03-03,1454.18,1454.18,,,ledg00051,bank00073,transfer user john,transfer,,,,,,,,Target transaction matched to a cluster of multiple transactions.,,,,,,[372],[1454.18],1454.18,0.0
SPLIT_PAYMENT,94.0,ledger_transactions.csv | table=1,390,bank_statement.csv | table=1,404,2024-03-08,2024-03-10,100.0,100.0,,,ledg00308,bank00233,debit user john,debit,,,,,,,,Target transaction matched to a cluster of multiple transactions.,,,,,,[404],[100.0],100.0,0.0
SPLIT_PAYMENT,97.0,ledger_transactions.csv | table=1,421,bank_statement.csv | table=1,416,2024-03-13,2024-03-12,288.15,288.15,,,ledg00052,bank00183,credit user john,credit,,,,,,,,Target transaction matched to a cluster of multiple transactions.,,,,,,[416],[288.15],288.15,0.0
SPLIT_PAYMENT,97.0,ledger_transactions.csv | table=1,451,bank_statement.csv | table=1,444,2024-03-21,2024-03-20,654.74,654.74,,,ledg00134,bank00272,debit user sara,debit,,,,,,,,Target transaction matched to a cluster of multiple transactions.,,,,,,[444],[654.74],654.74,0.0
SPLIT_PAYMENT,94.0,ledger_transactions.csv | table=1,481,bank_statement.csv | table=1,489,2024-03-28,2024-03-30,125.26,125.26,,,ledg00377,bank00426,debit system auto,debit,,,,,,,,Target transaction matched to a cluster of multiple transactions.,,,,,,[489],[125.26],125.26,0.0
